Date,SOROS FUND MANAGEMENT LLC,PAULSON & CO.INC. ,TIGER GLOBAL MANAGEMENT LLC,BERKSHIRE HATHAWAY INC,Algo 1,Algo 2,S&P 500,rolling_covariance,rolling_variance,rolling_beta,0
2018-09-17,-0.00765702180321559,-0.006063883745593413,-0.00878657270173544,-0.021380487576753367,-0.005064159920316772,-0.0031580642567762547,-0.005569745746958565,4.518516196383715e-05,2.5404374681810466e-05,1.778637046956709,-0.008206089520482296
2018-09-18,0.00713578642046131,0.004386624538974981,-0.010175468677581678,0.007880711108140925,0.001881640180327623,0.0034749594493653736,0.005369011354195541,4.594362541224626e-05,2.573145690984247e-05,1.7855042399356909,0.005101944607776539
2018-09-19,0.0021234096987843287,0.0026727298079747275,-0.001223449471872251,0.005440859269782772,0.0146883193321074,-0.0013955152434511498,0.00125330973621951,3.8864127410792866e-05,2.2048410295936244e-05,1.7626725414283468,-0.0029755527147310072
2018-09-20,0.0044272233446502884,0.0062026806893409345,0.009847358503806136,0.01143063565281266,0.011698947165321496,0.0077247988669616454,0.007840574975498171,4.020149514864862e-05,2.2780624353255608e-05,1.764723149166163,-0.008146662497654573
2018-09-21,-0.0017242490236488715,-0.000370215863891854,-0.006488570206529154,-0.0014848917568850428,-0.004860053853942359,-0.0031136678501748737,-0.00036850635502849727,3.6863674943240365e-05,2.116361616454385e-05,1.7418419733485517,-0.004379873485369909
2018-09-24,-0.007073149385590226,-0.005287223052095724,-0.0110713847128725,-0.003208576139481556,0.012860483789829477,-0.003643151870721465,-0.0035157543341060027,3.606654716539315e-05,2.1151135365658222e-05,1.7051825607410254,-0.009076833414415156
2018-09-25,-0.002418887068293407,-0.003652529768253032,-0.011873710551765893,0.004900253819282385,0.001992920132506045,0.0003324828963385785,-0.0013050760951849316,3.582058688695092e-05,2.1253876064910714e-05,1.6853672608964374,-0.0001720861435406211
2018-09-26,-0.005042602091560378,-0.0025454825690907072,-0.0067726214719406866,0.007576037259142466,0.001034454435626287,-0.0031702001635621328,-0.00328924803468289,3.489519226372127e-05,2.1520216909310884e-05,1.6215074602070392,0.005757534431090356
2018-09-27,0.0035268641204164726,0.003482305139706155,-0.0011431421452552384,0.005109456984111249,0.003262266316908909,-0.0018254142177182371,0.0027632769780832067,3.447638965097386e-05,2.093770669740691e-05,1.646617279973823,-0.006898168625147175
2018-09-28,0.002185999481846057,0.0020452628483906827,-0.0014764537875477937,-0.0026839094215281856,-0.0001923870757483029,-0.0019745484874826463,-6.863417982172493e-06,3.328509288133423e-05,2.0008261741313433e-05,1.6635674458719496,0.0010844204272785207
2018-10-01,-0.00404589989561166,0.0002508813920356623,0.006181070355752104,-0.005249712633441983,-0.002388237794829361,-0.0013188456190983409,0.0036410682297065566,3.108465641811312e-05,1.9180586632575005e-05,1.62063116283008,0.00942866601015302
2018-10-02,0.0015618134374351114,0.00521383972254319,0.0014704350511609565,-0.009740844662098014,0.0018325473398827128,-0.0065885847974277295,-0.00039663679353352244,3.0438107637600712e-05,1.8144963485224984e-05,1.6774962188480427,-0.017383630047245968
2018-10-03,0.0025745181017289287,0.0014556101397438235,-0.0037722579448735694,0.0029834842802145545,-0.0005258423053848012,0.006670060745992686,0.0007114930065028613,3.068132236331156e-05,1.802394841722084e-05,1.702253116414677,-0.007288474126980119
2018-10-04,-0.010205606033459548,-0.00866251967902987,-0.00406929087942709,-0.02745843311785634,0.00014369899847184973,-0.013089263150566927,-0.008169515742554312,3.389191916719904e-05,1.8330130314730566e-05,1.8489731706905879,-0.008323660076217654
2018-10-05,-0.010609217093960677,-0.004302826239727553,-0.0006838080813316161,-0.015004371333451784,-0.003506297741015043,-0.0070222536460457,-0.005527965508803745,3.343109969555075e-05,1.7860319392156747e-05,1.8718086144770636,-0.0028185402299244484
2018-10-08,-0.0032684941446244893,-0.0006709519716957546,0.01389008423691207,-0.008057520629305094,-0.004039738551821122,-0.005824509431304516,-0.00039506925841348295,3.349000762769375e-05,1.7868637540699086e-05,1.8742339784672526,0.006969778893011831
2018-10-09,0.001612526367420486,-0.0006487808613754309,-0.012481542893821085,-0.003110534842468149,-0.010404843846170379,-1.2339627524965307e-06,-0.0014179577940874877,3.352091758696889e-05,1.7891316085741533e-05,1.8735859020278196,0.0048861936109558055
2018-10-10,-0.02934308237236527,-0.0109697304171108,-0.015192721180025346,-0.053816120281321655,-0.002851123725629432,-0.025833273222290367,-0.032864175757028824,6.168426774658556e-05,3.6157906747031124e-05,1.7059689925675903,-0.002610332358900624
2018-10-11,-0.012847263550375687,-0.013790454673186623,-0.02713086827268818,0.0014848209948148394,0.0046983114846931295,-0.01603307590398319,-0.020573073719881707,5.998398087519794e-05,4.301082071180468e-05,1.394625349679385,-0.020023397955790147
2018-10-12,0.010740854098178376,0.0062811391791781634,0.00928922478689076,0.03126234028042707,0.016796267105344362,0.0050375400903487026,0.014206284338267983,6.817640389994456e-05,4.6383180224448076e-05,1.4698518637583524,0.01905873831322258
2018-10-15,0.0015870926411105655,0.0027783514853574327,0.004125124007786861,-0.00476775838886534,-0.011152028327865686,0.0016950065697143204,-0.005905035180855278,6.835507439236836e-05,4.691831838282486e-05,1.4568952330011626,-0.008750604131570175
2018-10-16,0.02117650770260404,0.01332782456622561,0.018882885583560327,0.032057964997970645,0.02194950173863578,0.018629825791079045,0.021495643069809,8.088164799561774e-05,5.4772095278528336e-05,1.4766944296053766,0.020647759316693454
2018-10-17,0.009851947574398556,-0.00043543578381355363,0.01047471647570286,-0.007346869522451781,0.0004794574702548914,-0.005467945312412677,-0.0002526762327753618,8.063510000169204e-05,5.438620893036348e-05,1.4826387348479804,-0.014416016851838832
2018-10-18,-0.010673246483467458,-0.0053355410325681705,-0.013776319712977658,-0.029240332570656506,-0.003965706276844463,-0.01188707266157357,-0.014391946490294405,8.33287728197305e-05,5.6305572007352654e-05,1.479938305374982,-0.0026614005953121316
2018-10-19,-0.01477258502653944,0.001980151494736848,0.0237418811825516,-0.0100303562800782,-0.009592779906083728,-0.010301669812292457,-0.00036116990154511086,8.252333162823489e-05,5.6188943446818815e-05,1.4686756248823365,-0.0028479021244327924
2018-10-22,-0.012041518255137551,-0.0052047136712466404,-0.017305171356688964,0.01042435320188706,0.0006254259653814838,-0.00695142340807817,-0.0042994746692295305,8.042350643487575e-05,5.580056321283319e-05,1.4412669300151382,0.013115941899300357
2018-10-23,-0.005790486994541655,-0.003995439761766306,0.003268764670131485,-0.0044785168295427,-0.001661953237947794,-0.00904626645915853,-0.00551185102399232,7.857250995511109e-05,5.575713797852815e-05,1.4091919492956948,0.0013458280872161719
2018-10-24,-0.029192213324760963,-0.03209942831322432,-0.021168939821991528,-0.04936963562990415,-0.0189362005578426,-0.026469773328941192,-0.030864490329077787,0.00010175301347298552,7.072011085090478e-05,1.4388129804760297,-0.007432442194631572
2018-10-25,0.0215495016937064,0.008035758072109989,0.008064186500158499,0.03954845857349154,0.012553623779646028,0.014106996300181574,0.018625051767629408,0.00011571303335585623,7.709903287897586e-05,1.5008363793290853,0.019795544223641638
2018-10-26,-0.019403557909404626,-0.00771786016479714,-0.024951169076115054,-0.01504327024862562,-0.0006110754174662447,-0.009695608298776538,-0.01732721755489608,0.00011800506437698786,8.117494043858637e-05,1.4537129776678512,-0.008998136630207838
2018-10-29,-0.008862569304325163,-0.0005392257408485257,0.00959667215049187,-0.0266349843407645,-0.014957011925562876,-0.008411795434263814,-0.006559621467715271,0.00012004820394846832,8.112966574872301e-05,1.4797078582855852,0.021443038855926872
2018-10-30,0.017068602964736446,0.005053451246334273,0.009168340539645436,0.020352493182622663,0.0057371932011629715,0.0093610639513366,0.015666824420255576,0.00012579998456619805,8.551723518319963e-05,1.4710483132049643,0.026255687655509487
2018-10-31,0.015615495394285084,0.005791195864119691,-0.0024825043427052496,0.038588798780660793,0.02215100997224197,0.006853501101623448,0.010851291456518197,0.00013397046440300888,8.762306609865163e-05,1.5289406131049603,-0.026715735979058818
2018-11-01,0.015545460414422731,0.022372155514067904,0.022348371056692518,0.02018461566244234,0.028358656641746582,0.01911425175339625,0.0105577968389301,0.00013829143867299202,8.978414126919412e-05,1.5402657609472652,0.0029045518885537263
2018-11-02,-0.0008782597778753676,-0.004116395786917693,-0.06390593232880926,-0.012466483120162077,0.0036111276156367,-0.0010455990615587368,-0.006316665267828814,0.00013927932776118646,9.031039003408598e-05,1.5422292795836454,0.008873285687134228
2018-11-05,0.002988102812451876,0.0017820771447052406,0.0226998785854291,0.001978217155563789,0.008879883357089391,-0.0003296140485751815,0.005600317290107348,0.00013812609656474982,9.025547055052791e-05,1.5303902990281613,0.018845812655696514
2018-11-06,0.0024186983009912844,0.01875382309286855,0.014526704478952325,0.0016943051145668073,-0.0016198308915793026,0.004327370518867528,0.006259335137365651,0.0001386568347830383,9.079989413355196e-05,1.5270594322400477,0.006674823372399441
2018-11-07,0.013337360334213509,0.005448990788565089,0.011901555297371136,0.02683649939285604,0.003824712989762015,0.01437135262614421,0.02120887695294771,0.00014938734417345193,9.784694306529088e-05,1.5267451337112228,0.010201272624972946
2018-11-08,-0.010045279102325888,-0.004841379756939657,-0.006051663515695083,-0.028507063651460607,0.0008064326595525222,0.00022822374962386992,-0.0025089822274502183,0.0001482233786655329,9.698493800086687e-05,1.5283133826843098,0.00963536113968666
2018-11-09,-0.012145396175643808,-0.006837611024558932,0.004150016649108634,-0.01863884078739131,0.008068668779909777,-0.013437231488810729,-0.009198989607493102,0.00015094694685541683,9.726154679044946e-05,1.551969425086698,-0.00026883033001072026
2018-11-12,-0.018183827861216303,-0.009606380428554884,-0.010553838537894268,-0.02155893072893844,0.0072581035336380375,-0.015427810828043998,-0.019701475363267495,0.00015781676165037498,0.00010326477385764774,1.5282729604185072,-0.015933844935493248
2018-11-13,0.0,0.0,0.0,0.0,-0.007843165041164897,-0.001947182770340761,-0.001481905348797996,0.00015717666107901822,0.00010310637929371055,1.5244125742334735,-0.009946283240887458
2018-11-14,-0.0019169489215353774,-0.00830446621629122,-0.010577361081709702,0.006289176767772853,0.003043361197724337,-0.009249604324276328,-0.007567464311691308,0.00015558710743707042,0.00010373174247962361,1.4998987168043854,-0.02736116364259422
2018-11-15,0.00688645645046293,0.006806384573337486,0.0009005689365682024,0.019773254762914142,0.0507353374551575,0.008929962037593329,0.010593800664796094,0.00015975949852775327,0.0001059381334343241,1.5080452463021308,-0.027382189084944497
2018-11-16,0.005377193243714773,-0.0002107503553873125,-0.0022110248944868798,-0.009001079156664371,0.00023266679923372691,0.00285237123162355,0.0022232803457622463,0.00015927882495282364,0.00010606624402115853,1.5016919513153502,-0.013976152926625239
2018-11-19,-0.0172766950636567,-0.012187312272685102,-0.009245731609394127,-0.048750204991354185,-0.0021819771515484963,-0.017075635272145184,-0.016643094431470606,0.0001698642313217049,0.00010944605255487854,1.5520361617110991,-0.01786320346224901
2018-11-20,-0.02221516894486586,-0.01630615805321467,-0.018707237986166025,-0.017058872273887582,-0.0002457164700258793,-0.01434343672451547,-0.018151208036480848,0.00017031555115736013,0.00011292778892515104,1.5081810489555048,-0.07731204024123635
2018-11-21,0.012991497755632464,0.009498028495389388,0.00908591507795542,0.018122957681815155,0.015158647139641575,0.01155762611922707,0.00304327583661701,0.00017202556742072206,0.00011322033090374287,1.5193876051022492,0.010714194380919249
2018-11-23,0.0017199877866092006,-0.0007385348062716178,-0.0011309970770422286,-0.009679747516476713,-0.004997206851316627,0.0011753010100707634,-0.006554890129173208,0.00017192225650662296,0.0001127603932131357,1.5246688274814864,-0.018318820219358045
2018-11-26,0.017137015274625078,-0.0022143768179496703,0.00714136194278181,0.037716637413033334,0.0036593493908670775,0.004545555877580201,0.015532409517731827,0.00018315560903156227,0.00011751125020442106,1.5586219082253583,0.01918772695683183
2018-11-27,0.005143439265718364,-0.0008011994446990299,0.009636225508482088,0.0037219582074690116,-0.012634742123080423,-0.006782711697381517,0.003261703042884756,0.00018358786446280944,0.00011782664849582816,1.5581183612237741,0.022303275907626038
2018-11-28,0.01474809568908819,0.01372294000330232,0.0037497507487969095,0.02796178552664741,-0.0004239763111939417,0.020121501783228957,0.02297393528374414,0.0001957378895146414,0.00012759917483958055,1.5340059194013267,0.01581374061587204
2018-11-29,-0.0006317140814112722,0.0008084448829130952,-0.001969010342863231,-4.1736349373433505e-05,0.02165005764293537,-0.002446643602967109,-0.0021976900564546487,0.0001943919509106693,0.00012756500362234207,1.5238658361674908,-0.013709070479279642
2018-11-30,-0.002263526762229073,-0.004424467085050732,0.0023905934112964373,0.0010828291768540943,-0.00999570481951621,0.0024938621342255178,0.00818552393197347,0.00019460494362546346,0.0001287682374596251,1.511280634608991,0.000597613123154835
2018-12-03,0.0024026110722723537,0.0005301825893797574,0.004974595743989729,0.022943333717377005,0.004465234081978296,0.009465377307370952,0.010941355061463431,0.00019933090841897901,0.00013094772513992705,1.5222174207759596,0.014455559550342759
2018-12-04,-0.025609522512443417,-0.015528236033324537,-0.03025432370069492,-0.03794131048025229,0.0008224015325684202,-0.031953239755570365,-0.03236488351007216,0.0002191509370210407,0.00014782825253339211,1.4824699153603123,-0.03917549264617063
2018-12-06,0.004427482287360007,-0.0013124886554689574,-0.005372782573607071,0.0076610599388711184,-0.006886278768819007,-0.003115933788258165,-0.0015221883958135285,0.00021846533887645133,0.00014744694539687713,1.4816538809157205,0.001237212310719419
2018-12-07,-0.01990168274405657,-0.012730064197972957,-0.02269792985514385,-0.024372293960964183,0.003689673818345975,-0.015534840362596431,-0.02332016543333515,0.0002268435271067259,0.00015564292666966046,1.4574612027707687,-0.029848666986360753
2018-12-10,-0.00985440769730872,-0.004736048408402471,-0.007709239833999405,-0.002190218718777781,-0.01615559928832493,-0.004269721369242405,0.001762194844060927,0.00022591973837224102,0.00015504405394856744,1.4571325543847369,0.012392021397783207
2018-12-11,-0.0016859504789149546,-0.0031644704885670505,0.0006114649837194452,0.0012622273400104687,-0.008390511036697787,-0.0025421531247689197,-0.00035636837875119287,0.00022599366674952114,0.00015501212373363526,1.4579096222038532,-0.012428578361512788
2018-12-12,0.00912822703419458,0.008147170473933095,0.002797620213604413,0.017474871150531257,0.0020481073627450896,0.0063206337105963795,0.005419488922094429,0.00022681956534366426,0.00015552240347967413,1.4584365999288857,0.008026068157686545
2018-12-13,-0.006230765195938237,-0.005056075931605397,0.0004762474237971493,-0.004339990288356521,-0.012556014986111056,-0.01040779276790648,-0.00019991927787654795,0.00022570243903777306,0.00015477025363798522,1.4583063200613569,-0.02073233398499652
2018-12-14,-0.007269209379226259,-0.012272963950992866,-0.020367144840965582,-0.015390699433727284,-0.007552062279963027,-0.0135737540033654,-0.019086676677205427,0.00022944474686979155,0.00015980422688248802,1.4357864703948893,-0.0012037949551838936
2018-12-17,-0.020118824164694904,-0.00983681154421534,-0.016709098911715237,-0.031662952118237116,0.0016242074009364634,-0.02507980586839505,-0.020773476413007863,0.00023656303307126813,0.00016411361500808593,1.4414589128367723,-0.019804449455298873
2018-12-18,-0.00336609463965698,-0.004434381597748116,-0.007273261541912213,0.003683733125097843,-0.004326099408133924,-0.007642113777677405,8.641209140813899e-05,0.00023677584771834482,0.000164146265007314,1.4424686891766596,0.014421793350020437
2018-12-19,-0.016730936718346245,-0.02125402331843851,-0.02055886502901738,-0.015881346122785245,-0.010074112499200935,-0.014649821247357928,-0.015395733182517968,0.000239718212550411,0.0001670064163136378,1.4353832495885699,-0.018603013087852244
2018-12-20,-0.016672784173845656,-0.008347241605965006,-0.011045183477194407,-0.02546316304850782,-0.026095103789339588,-0.02379289603420566,-0.015772090500047797,0.0002446063220845722,0.00016993195140348194,1.4394369043864235,-0.027168698172486978
2018-12-21,-0.022719710074979197,-0.020979601650152783,-0.022569593410260547,-0.028892379627692973,-0.01788751858447328,-0.02163557168574526,-0.020588306814405377,0.0002523528360174581,0.0001752688566587963,1.4398042004046652,-0.006820538234997952
2018-12-24,-0.019152321392093108,-0.011785940652535576,-0.02916529805876112,-0.02018096741565956,-0.003937813976790921,-0.01474497287099455,-0.02711224768478282,0.0002580079872373983,0.00018432629008665984,1.399735149641961,-0.0005329203131448169
2018-12-26,0.042976856380452455,0.029338060797927223,0.030958017343518437,0.05990873102736316,0.02274991144599324,0.03082230381146604,0.049593807154098,0.0003146683988803793,0.00023116949339138125,1.3612020957610973,0.07128290853448119
2018-12-27,0.004183800905909196,-0.007472279963052997,0.009148608379345502,0.004813197818230863,0.0015706360547551087,0.000493577834619133,0.008562629168861635,0.0003163885448787616,0.0002326232759764253,1.3600897999167774,-0.0032595930084162355
2018-12-28,0.0011448153809039407,0.0008628176998806136,-0.004019363313438995,-0.0061780611089719,0.01466400814026293,0.011663716224865698,-0.0012415472330372657,0.0003165670995128498,0.00023257289329731357,1.3611521748072368,0.004487257329152487
2018-12-31,0.0070589775633920215,0.005695022222804047,-0.0040835962824744545,0.0056957122904415245,0.006768124753852593,0.005743146096253293,0.008492440882795549,0.0003178435323494008,0.0002344514955542129,1.3556899332122405,0.016046919331858644
2019-01-02,0.00602655702367616,0.015429101592371984,0.007880761326088281,-0.001553516777374031,0.05034224414830393,0.01802201338787884,0.0012685242435728217,0.00031547047056744703,0.0002341080189695387,1.3475423522698506,0.009781167175983761
2019-01-03,-0.007847805221634974,-0.007403227695160885,-0.008477709865867933,-0.03205291842712465,0.015246094532821431,-0.01179185375178789,-0.02475667621502542,0.0003259746264963548,0.00024237559765679262,1.3449152045328407,-0.013310164680986114
2019-01-04,0.02988141249291298,0.027031659317464873,0.03356032870388126,0.061341261344090015,0.017621918816810824,0.030509175717565725,0.0343356931888279,0.0003655995842464084,0.00026509731675395065,1.3791146161835302,0.006860950788462272
2019-01-07,0.009051443647673851,0.014474526781223409,0.01411109840660174,0.017184766514208416,0.014748202984348096,0.016942369145473514,0.00701043468644591,0.0003684386237880549,0.00026645897141385687,1.3827217820180129,0.028262884642801318
2019-01-08,0.010759764672161332,0.008050164280441141,0.0015437655976402453,0.005851461700144389,0.010824927679193965,0.010478993237787464,0.009695296290921585,0.0003414864523845814,0.0002519747790679249,1.3552406064121474,0.007726624690118792
2019-01-09,0.00862956328484521,-0.0007997282666609706,-0.0005343848097381088,0.01978783764314307,0.00021372270174369048,0.009657618695567666,0.0040980263439003295,0.0003437025874999888,0.0002459090142186228,1.3976819377366283,0.005640030270079126
2019-01-10,0.002869248956018477,-0.0003879258000246688,0.007422834117905896,0.003162938292108564,0.0030867289268032786,0.0033655538544154154,0.004518445159692908,0.0003359872304880042,0.0002425520943152972,1.3852167776018014,-0.025261511782174503
2019-01-11,0.011189741475398751,0.004231628670805954,0.002050705238359374,-0.002151893358983248,-0.0051119222578624,0.0038846483481752288,-0.00014634296629478794,0.000335587975443256,0.00024213565179790432,1.3859502842784612,0.009678797752488031
2019-01-14,-0.001998812844672737,-0.005161467852423884,0.007797649465357549,-0.0012533995979159276,-0.0056419957633679066,-0.00665906688811234,-0.005257562801876614,0.000323147864187383,0.0002338046334699673,1.3821277165958819,-0.006422352403823087
2019-01-15,0.006396735631367001,0.0028514140568789426,0.012878778172375592,0.02156590644391509,0.0003690504618276813,0.007277293798413442,0.010721711756711327,0.00032774025659511926,0.00023619792241713307,1.3875662124424595,0.004614534081002282
2019-01-16,0.004426131525724353,0.0006457383903224477,0.0056571463293939575,0.0043541183977042755,-0.0014225979881724278,0.00446948870473074,0.002221966823736654,0.00032135425528913574,0.0002333166389451908,1.3773310670938739,-0.0004218007125434223
2019-01-17,0.0036672720027370884,0.007093387858735145,0.0061091071969605615,0.005210365390994953,-0.0008510611301699089,0.004453704159383,0.007591452926111408,0.00032212063265878605,0.00023449722469897453,1.3736650106298451,0.01563556595708763
2019-01-18,0.004605311400046164,0.005346024985507514,0.009284613760543792,0.01397430317088455,-0.004570147013486564,0.010387498623490149,0.013183052853609212,0.0003259015291972839,0.0002374568287953494,1.3724664430609406,0.015080743131396178
2019-01-22,-0.01437124332902451,-0.011829806838208556,-0.008773857533629914,-0.022135678107699897,0.0042362447230472325,-0.011538924918288226,-0.014157284018107563,0.0003307006981899857,0.00024019873988029219,1.3767794883303592,-0.005802462174094894
2019-01-23,-0.0005203754139753158,6.265124082194261e-05,-0.00023972214661716065,0.0018974144579568808,0.009547708870012592,-0.002803795702856012,0.0022028941471379238,0.0003048386493324614,0.00022444329378648573,1.3581989650466288,0.005274970399424446
2019-01-24,0.005937358854003705,0.00714610135382321,-0.003747984002294924,0.01217636596258398,-0.002755338133934409,0.005871118430846355,0.001375677416909804,0.00029280984056992545,0.00021851206243390765,1.3400168270275254,-0.005323624689644831
2019-01-25,0.012897186886609235,0.010721595066177423,0.007475595108699995,0.02118995644715249,0.0003843002624099607,0.010659235327605774,0.0084887201825663,0.0002910957448984335,0.00021470760865351316,1.355777500033511,0.015101781856692234
2019-01-28,-0.0007128949067674029,-0.0038583158924014867,0.0020473886062466477,-0.005807228174172453,-0.009026213144247331,-0.0038047457306434173,-0.0078468605052614,0.0002888898042804373,0.00021502770644227652,1.3435003751853198,-0.006818362379860776
2019-01-29,-0.0047868516741415,-0.007697444954024801,-0.0003124906214998502,-0.007686680253349065,0.005380469253157693,-0.0008038364800144082,-0.001456209694195909,0.0002840438104004813,0.0002108913612735942,1.3468726679230105,-0.0025191187524757535
2019-01-30,0.008519014711551476,0.0105214767522106,0.0015556694592175901,0.027241883952477952,0.004866355101879844,0.011322102062022362,0.015549242424242493,0.0002840243809926076,0.00021301335452648043,1.3333641997422259,-0.0058586804575477824
2019-01-31,0.02880118218606098,0.0075981982750084045,0.01880279677521424,0.014584268636705922,-0.0013328809152014034,0.00974269629494425,0.008597377892989533,0.0002825557269786683,0.00021237012375383682,1.3304871795723265,0.004731555896319387
2019-02-01,0.010911437429214521,0.0060058299050373964,-0.002555570237977034,0.0018096242345730926,0.0029120794429166835,0.0022220535019382035,0.000898635405495396,0.0002811516266905419,0.00021172168042574198,1.3279302626220717,-0.024914028725646152
2019-02-04,-0.0005143054690184279,-0.0003472787007241518,0.0024415291404606965,0.012529004960408765,0.008289009152788546,0.007477142680353278,0.006776204217207926,0.0002823784500150387,0.00021196786597501815,1.3321757461497439,0.011229230125389345
2019-02-05,0.005616207546426999,0.004596769402108736,0.006945712534450975,0.016791487773139213,0.002152926904352657,0.0029098739788533923,0.004708481505539597,0.0002835713540577982,0.0002116800412616089,1.3396225377117204,0.00955456359307405
2019-02-06,-0.0009838758975978523,-0.0015902697132279544,-0.007604538189631026,-0.006489709304609348,-0.0029953478726461825,-0.002425584963979773,-0.0022208423128903254,0.00027452318293929537,0.00020398141717857648,1.3458244713485972,-0.007460771744485856
2019-02-07,-0.005301009152912761,-0.009291245930654446,-0.008186748238403263,-0.02349143217530192,0.0010755075837482562,-0.007911934186874102,-0.009360745638119394,0.00027718556189053957,0.00020525498954235518,1.350444939285343,-0.0005858981769745937
2019-02-08,0.002839904776795299,0.002668025989960743,0.0022756778720598447,0.0057388974311036725,-0.003929691419463671,-0.0004606673420517401,0.0006762624489569102,0.00027432306187115786,0.0002039712029250031,1.3449107419934274,-0.016924809155495213
2019-02-11,-0.000991148628963101,0.0034654549080399555,0.0001295546106294676,0.007071626572570322,-0.0026864145918893954,0.004897575746783609,0.0007090417596054,0.0002667306373943944,0.0001975213092189195,1.350389172941173,-0.0037890230085592487
2019-02-12,0.0,0.0,0.0,0.0,0.0011356425405292107,0.01123378246705852,0.012890250202966858,0.0002662762195688246,0.0002002438765773155,1.3297596117303172,0.012965716039742356
2019-02-13,0.0,0.0,0.0,0.0,5.8462006299323487e-05,0.0017855805153341754,0.003023976857468691,0.00026679193967403704,0.00019931195231464444,1.3385646800191144,0.015526285733087489
2019-02-14,0.0027954943833679025,0.0019867286640418147,-0.00438081041741456,-0.0039865452393594855,0.002285451144743939,-0.0026182624128671377,-0.0026516238471793185,0.0002638930481192182,0.00019766445048201813,1.3350556838910446,-0.002223061466028538
2019-02-15,0.006410423300310608,0.007684442795678592,0.010388869714152316,0.0059639170283412035,-0.0013102720703420114,0.009945755156530912,0.010878709851296353,0.0002650465511791627,0.0001995092149384398,1.3284927779448432,0.007516714197816188
2019-02-19,0.003436864633594272,0.0008964918470641957,0.002877195623274486,0.005297558672691549,0.0017548930888205464,0.006377389536277712,0.0014987750396311394,0.0002503485653019877,0.00019455309054001494,1.2867879127856718,0.011039811605902505
2019-02-20,0.0036501173732585994,-0.0016896330005933267,0.005368630389475104,0.003833474204779863,-6.695673156919234e-06,0.001217532841215703,0.0017771318387196366,0.00024402292514641338,0.0001884792371511589,1.294693934646546,-0.014225366394582864
2019-02-21,-0.0014008593550209893,-0.004179727370719921,-0.0017169329136275113,-0.006759965184203853,-0.00016589667231589868,-0.0009138682488436332,-0.003526412180845262,0.00024417395992065775,0.00018873690282369135,1.2937266441674786,-0.005924053480187948
2019-02-22,0.0010111408287440948,0.004447318073800721,-0.13981969817201345,0.022028911765199943,0.002395215608404087,0.008799267488405477,0.006411088047050706,0.0002443755024320893,0.00018827951737258362,1.2979399238022165,-0.0027895413764396446
2019-02-25,-0.0022423245671645553,-0.003639444539802805,-0.009525103191136973,0.00535817415165596,0.009833902411902112,-0.0009676644638484844,0.0012317960947767492,0.00023573941757288163,0.00018468037328020425,1.2764724988681315,0.010197545879866246
2019-02-26,-0.006030256397158706,-0.006117630994392775,-0.017294107808948578,-0.0016173241015495776,0.0051124626510157326,-0.0020753386415775974,-0.0007903837831845228,0.000235792493766134,0.00018462117363103505,1.2771692928210103,-0.003266949571131346
2019-02-27,-0.003738533217298001,-0.013565640707087212,-0.014170033389795169,0.007531696563710888,0.0012143983551255013,0.0005025620395390351,-0.0005440423780378456,0.0002259024018234218,0.00017613873925634556,1.2825253704958801,0.009560433095564647
2019-02-28,0.001145543104977165,0.017573104188802983,0.0153755874635495,-0.00538724976321292,0.003553270901744457,-0.002876574331815644,-0.0028255466662847617,0.0002262135992732945,0.00017620014846236702,1.2838445441015585,-0.0003169348330362607
2019-03-01,0.00529167269245745,0.00622676891871321,-0.011270431448536566,0.00659318628332306,-0.0007128547684006805,0.01007735867809878,0.0068953381050032014,0.00022684347313823574,0.000175886011998937,1.2897186681315325,0.000620847764908376
2019-03-04,-0.0028722482327970806,-0.0028613618563922967,0.008612022886173909,-0.0011260341882660676,-0.0029314464130407213,0.0020603782965318324,-0.0038806002090102654,0.00022320868701562857,0.00017422448568631165,1.2811556661301453,-0.009484667863320065
2019-03-05,-0.003056322014676427,-0.006115486410295801,-0.004871187404435817,0.00779501945361849,0.004098144773511274,-0.002190221016652191,-0.0011314768996100177,0.00020091310971723263,0.00015611080457948124,1.2869904184943268,0.041315654848836404
2019-03-06,-0.008325947871218653,-0.010320531254045195,-0.007947586097280301,0.0007529680466700218,-0.0018755786050370128,-0.015984306017532018,-0.0065241159285216455,0.00020129147747965944,0.0001568910996696877,1.28300125312048,-0.0024455751224295255
2019-03-07,-0.007840795253366006,0.0036315519341481033,-0.013210160333660514,-0.019471193982188103,-0.001560050670362717,-0.003297537738912303,-0.008125710368218741,0.0001936929608032534,0.00014845086810597133,1.3047613885624845,-0.010910681716370921
2019-03-08,0.00035009131852081765,0.003437409054610318,0.004437279172536446,-0.005996404886239426,0.007106012575515386,-0.002993058483730661,-0.0021317385309919112,0.00019417617052136608,0.00014857530176558463,1.3069209230194156,-0.006896191057586209
2019-03-11,0.015435100412043878,0.005009385696620017,0.005323855961204328,0.01940108086266057,6.946057625197705e-05,0.012870952723532263,0.014666049353461608,0.00019812719144360203,0.00015178560750448163,1.3053094736782085,0.013817681949338521
2019-03-12,-0.00017992570293223764,0.0035143029901680838,-0.002000587620421768,0.0011993393695828305,0.004394199951031412,0.002796914128359903,0.0029533287823806376,0.00019694764433609652,0.00015151549086723376,1.299851541309878,-4.6773893300544546e-05
2019-03-13,0.0027236847314233703,-0.0010744012605389264,0.010081580109036814,0.0011270387750870194,-0.006888863648820285,0.003846574054230584,0.006949618845646821,0.00019668859130995587,0.00015209242836197522,1.2932175087759343,0.0010410493941218253
2019-03-14,-0.0002754879698124713,0.0019524459299524726,-0.006597195487671348,-0.008241490456194489,-0.010809807223061078,0.007894297714470104,-0.0008680432029370966,0.00019092618493114013,0.00014518596927631588,1.3150457023004207,-0.0060326415030077145
2019-03-15,0.0032643060354700104,0.003947799656827789,0.005448739571493277,0.005082724562221364,0.001960485946074676,0.00387284677986666,0.004984902865607044,0.00017799587296739685,0.00013692015964647465,1.2999975564371158,-0.0009658612363907153
2019-03-18,0.0066917499684509,-0.0002631076153069012,-0.00029169848045784713,0.0029914629303779967,0.0034612646638457825,0.013355860838090608,0.0037059607153993035,0.00017800811004364098,0.00013692987344465486,1.2999947021464924,0.01504532251158593
2019-03-19,0.00015387547712819585,0.002039539692283654,0.005608489606040434,0.011595641449648976,-0.002133058851054721,-0.0005042675581490104,-0.0001306063665308388,0.00017205302919336875,0.00013189105730856528,1.3045086809095985,0.0031179342100381793
2019-03-20,-0.004682776252220132,-0.00447232743383974,-0.007398685522526205,-0.0004035281172232175,-0.00916686534492052,0.001008674881390366,-0.0029443226469249018,0.0001635055109867447,0.00012686139674255122,1.2888515749086222,-0.01296411665486008
2019-03-21,0.015108602992484288,0.004746352601447512,0.018897917844559853,0.013332984202319986,3.4580325070125106e-05,0.004713633681424228,0.010852515552911779,0.00015171599165877828,0.00011892626881469318,1.2757147194719185,0.011515968477001055
2019-03-22,-0.017663963791211712,-0.013697920961199372,-0.01674487079644427,-0.02822963253351274,0.0025141588243985827,-0.02094858431550224,-0.018974527826038257,0.0001512790111260066,0.00011176766541335554,1.3535132058679442,-0.014302832240805382
2019-03-25,-0.003330150651474573,-0.00042001968567395576,0.0009715033589017263,0.010736800044363282,0.0009728118161412584,-0.002057885858249377,-0.0008390729493592541,0.00010644753583953617,7.445997861775728e-05,1.429593961958921,0.008974623914721997
2019-03-26,0.0043869217085481535,0.005640955786481383,0.009190316800934406,0.005378055031502571,0.005454727288329803,0.0056139219187746605,0.007182778484540853,0.00010647105639891605,7.419103808246736e-05,1.4350932289229825,0.006002924896383543
2019-03-27,-0.003993551773045057,-0.007321379655556681,-0.004277714780236974,-0.006040575732003561,0.008395202321781977,-0.004457038489627657,-0.004644380264399728,0.00010702818184009914,7.47707999251626e-05,1.431416835813214,0.002063578598700322
2019-03-28,0.0032161937982122524,-0.006963165827065465,0.005932333914540511,0.005963608652319152,0.009931761584891927,0.005775298302504382,0.0035895443381801506,0.0001068742165000757,7.410150100301632e-05,1.4422679035303934,-0.00238038570968339
2019-03-29,0.00139229526815976,0.0030303527196513524,-0.001276721252198909,0.012783272730143793,-0.0008677856138897659,0.004575618244427209,0.006734293751598397,0.00010751688283590686,7.446887444518448e-05,1.4437828372852415,-0.00027601195110464155
2019-04-01,0.008999531029756591,0.010072853805209505,0.00397240047124381,0.013181982163713135,0.008159091046778984,0.007257418794710577,0.01156858594411525,9.214375839713774e-05,6.343471923197228e-05,1.4525761209753343,0.006766526052671769
2019-04-02,0.00019322987404435388,-0.005619134233625478,-0.006623129005564832,0.0011518363982541135,0.0037762433665017993,-0.0004131447113292184,1.7438676892522764e-05,6.134981857889053e-05,4.62256022399448e-05,1.3271826781280196,-0.001991027965375536
2019-04-03,0.003561651159036616,0.0013046178196129965,0.005193188543537897,0.003251812703367607,-0.0033368643079460802,0.0002869161559369726,0.0021484075277968806,6.0211463911872794e-05,4.580988594038266e-05,1.3143770755123132,0.0008888645599693193
2019-04-04,0.0012545590766466221,0.010629643093065244,0.008458654432732304,-0.008037017348337283,-0.0035971947082088663,0.0032651108768024205,0.0020846384074615365,5.986439531999482e-05,4.479423357806425e-05,1.3364308425026927,0.023356075019989708
2019-04-05,0.006880039148138506,0.006483836787233964,0.009357385605006874,0.006127519892584532,0.0015187468256701653,0.009305580103898332,0.004636398681665099,5.938112146859792e-05,4.4839365511824e-05,1.3243077994254693,-0.005980903152607575
2019-04-08,0.0004827646618652537,-0.0003101929491055033,0.00015266485787757134,0.0008406162996810185,0.003760895596878536,0.00021767078784181045,0.0010474498226595852,5.940614332280658e-05,4.473192133310731e-05,1.3280481041809953,0.009176197906845132
2019-04-09,-0.005657423143853868,-0.004396178953767316,-0.006536248669999245,-0.0024973908033333325,0.012012423306169957,-0.0116390778311823,-0.0060674708281390766,5.9970788170733374e-05,4.5715113232169455e-05,1.3118372444177233,-0.008629096951693338
2019-04-10,0.009807689211379422,0.008366442371286142,0.0029117517582366577,0.005268557743590474,-0.0042214117063596535,0.009632209774045115,0.0034778681120144483,5.951489255101646e-05,4.491417452254731e-05,1.3250804046535345,-0.0008792999875251914
2019-04-11,0.003406255496659183,-0.003958569268566747,-0.0006372765155165937,-0.0004963796592171166,0.001704816218107496,-0.0015676028407268896,3.808587325715429e-05,5.680011516416983e-05,4.361722947364361e-05,1.3022403268069143,-0.0035151380849599936
2019-04-12,0.005662834745949974,-0.0011648506455798069,0.004216964067625062,0.007315618349390984,-0.005500903048024084,0.004504449908061238,0.006609378462220095,5.716137679559362e-05,4.401423997749841e-05,1.2987018934057812,0.0016304225982614788
2019-04-15,-0.0014219750926581787,-0.0011562929538363464,0.000397904838832952,-0.010492326227703021,-0.004331256690145887,-0.004571654265478433,-0.0006294261903205811,5.74315324419274e-05,4.35219072942965e-05,1.3196005417127878,0.008877164901979501
2019-04-16,0.002699393557202612,0.00038815954916060486,-0.0008309535029655812,0.0008366994912856196,-0.006944697995208875,0.0028994245895381607,0.000509364739569973,5.518171160199799e-05,4.124235535117677e-05,1.3379864251720892,0.00430423409425762
2019-04-17,-0.0028967397718483445,-0.00646716650672885,-0.004409485527313017,0.003222156994481029,-0.010301027104302385,-0.00522815593836951,-0.002273774879087531,4.8576477699416655e-05,3.731510204185547e-05,1.3017913670698142,0.0005579240405446292
2019-04-18,0.0014479147869519426,0.0012218115295732355,0.0005815485947355813,0.0019160720186994773,-0.0005879163786057691,-0.0012291912496256651,0.0015790653174507785,4.858542872529929e-05,3.73095290229238e-05,1.3022257315402541,0.004980645566448135
2019-04-22,-0.0025857241772120343,-0.0073326511418393405,-0.003640215591685925,-0.001087770487441575,0.0006765626380521518,-0.001935706959538403,0.001012037741434657,4.8663123971643706e-05,3.731477224989795e-05,1.3041249091846405,-0.021412844626915617
2019-04-23,0.0071673497893243185,0.0034845955775555377,0.006471748970070967,0.013277609434661608,0.004969498560797635,0.009621574221525837,0.008841219132246891,4.780649718048729e-05,3.739896395941509e-05,1.27828399825103,0.042532046903211995
