Date,Close
2012-10-01,
2012-10-02,0.0008722801819327497
2012-10-03,0.0036244163928755846
2012-10-04,0.007174411953218218
2012-10-05,-0.00032160941562886514
2012-10-08,-0.0034567022376157386
2012-10-09,-0.009890925076242563
2012-10-10,-0.006188084468740529
2012-10-11,0.0001954542916178248
2012-10-12,-0.002966137182099926
2012-10-15,0.00807789498736522
2012-10-16,0.010269906189024569
2012-10-17,0.004117064855799546
2012-10-18,-0.002443682362363253
2012-10-19,-0.01657128741405567
2012-10-22,0.0004395788416049484
2012-10-23,-0.014443932990194086
2012-10-24,-0.0030853932107195448
2012-10-25,0.002995563442768523
2012-10-26,-0.0007289609828942112
2012-10-31,0.00015581398642994237
2012-11-01,0.010926523906639396
2012-11-02,-0.00937944367780652
2012-11-05,0.0021637675010606205
2012-11-06,0.00785318149104608
2012-11-07,-0.023705010536338222
2012-11-08,-0.012204828867073525
2012-11-09,0.0016987172506914838
2012-11-12,0.0001304489618436655
2012-11-13,-0.003985420606798407
2012-11-14,-0.013852007595323457
2012-11-15,-0.0015935196866078138
2012-11-16,0.004839913398801521
2012-11-19,0.01986204665117519
2012-11-20,0.0006633547000842732
2012-11-21,0.0023202023331725385
2012-11-23,0.01302631862720438
2012-11-26,-0.0020295923074195032
2012-11-27,-0.005226518001265723
2012-11-28,0.007855948074971142
2012-11-29,0.004269715517791761
2012-11-30,0.000162435114234194
2012-12-03,-0.0047451595136212
2012-12-04,-0.0017098747037873618
2012-12-05,0.0015848761593404426
2012-12-06,0.003306653042688623
2012-12-07,0.002920916021896147
2012-12-10,0.00033848822695636827
2012-12-11,0.0065489408198511345
2012-12-12,0.00044822949350065144
2012-12-13,-0.006321404569892497
2012-12-14,-0.0041354045581035725
2012-12-17,0.011870569759051541
2012-12-18,0.01148661875332091
2012-12-19,-0.007589214744365136
2012-12-20,0.0054881913345081745
2012-12-21,-0.009378744744370282
2012-12-24,-0.0024403034646715005
2012-12-26,-0.004787405548624113
2012-12-27,-0.0012184557306156307
2012-12-28,-0.011049996474155499
2012-12-31,0.01694202206170714
2013-01-02,0.02540334738008254
2013-01-03,-0.0020855841687067445
2013-01-04,0.004865113028224677
2013-01-07,-0.0031231460582213932
2013-01-08,-0.0032423780174979377
2013-01-09,0.0026558693339737705
2013-01-10,0.007597431931116505
2013-01-11,-4.755047142890323e-05
2013-01-14,-0.0009306749091402278
2013-01-15,0.0011287295672748332
2013-01-16,0.00019696537484570342
2013-01-17,0.00564296530696784
2013-01-18,0.0034032438856401726
2013-01-22,0.004428054213380994
2013-01-23,0.0015074770863483522
2013-01-24,6.689813421001389e-06
2013-01-25,0.005445471695588733
2013-01-28,-0.0018496832916378159
2013-01-29,0.0051060539401937
2013-01-30,-0.003899617996604321
2013-01-31,-0.0025633172654399017
2013-02-01,0.010052666359613216
2013-02-04,-0.011538690299173315
2013-02-05,0.01041645773579103
2013-02-06,0.0005491996903306262
2013-02-07,-0.0018054122688674346
2013-02-08,0.005657914786768137
2013-02-11,-0.0006060885548082595
2013-02-12,0.0015952432745993672
2013-02-13,0.0005923273859276268
2013-02-14,0.0006906395322070491
2013-02-15,-0.0010451037873510094
2013-02-19,0.007336539916699136
2013-02-20,-0.01240414385932831
2013-02-21,-0.0063031184893680425
2013-02-22,0.008772513677932858
2013-02-25,-0.018309580364212152
2013-02-26,0.006109486843431933
2013-02-27,0.012725960960359162
2013-02-28,-0.000864121794998618
2013-03-01,0.002323923204901268
2013-03-04,0.004610723224871549
2013-03-05,0.009565958562811394
2013-03-06,0.0010845634794356407
2013-03-07,0.0018164597200056587
2013-03-08,0.004481110693795198
2013-03-11,0.00324913936487059
2013-03-12,-0.0024032591792934044
2013-03-13,0.0013140265897144676
2013-03-14,0.005603015721894922
2013-03-15,-0.0016184438630272302
2013-03-18,-0.005510347920804848
2013-03-19,-0.002422524321886499
2013-03-20,0.006697495382151253
2013-03-21,-0.008282490007762933
2013-03-22,0.007174278690645686
2013-03-25,-0.0033399919069426742
2013-03-26,0.007785060160212298
2013-03-27,-0.0005883218120312783
2013-03-28,0.004056691301148607
2013-04-01,-0.0044736456388327905
2013-04-02,0.005172292388152311
2013-04-03,-0.010546091386721801
2013-04-04,0.004048426648816772
2013-04-05,-0.004294926858036674
2013-04-08,0.006302791512154959
2013-04-09,0.003544307036792871
2013-04-10,0.012189135604133705
2013-04-11,0.003552241250086574
2013-04-12,-0.0028367548027137257
2013-04-15,-0.02296629637788339
2013-04-16,0.014307248318689014
2013-04-17,-0.01432772121912651
2013-04-18,-0.006700987751367626
2013-04-19,0.008847892787410716
2013-04-22,0.004661629963028435
2013-04-23,0.010419200000000073
2013-04-24,6.3340047378179776e-06
2013-04-25,0.004034735461967864
2013-04-26,-0.0018420853415428429
2013-04-29,0.007186014763878923
2013-04-30,0.0024849241658875254
2013-05-01,-0.009307886352397654
2013-05-02,0.009407973715801932
2013-05-03,0.010534617768013232
2013-05-06,0.00190780589933226
2013-05-07,0.005230293663060381
2013-05-08,0.004139093212625067
2013-05-09,-0.0036871665778561713
2013-05-10,0.004321712455507276
2013-05-13,4.284752402528014e-05
2013-05-14,0.01014218647667664
2013-05-15,0.005114097701079734
2013-05-16,-0.005009705928453401
2013-05-17,0.01030009633619522
2013-05-20,-0.0007076589084061835
2013-05-21,0.001722389259972923
2013-05-22,-0.008273622660500024
2013-05-23,-0.0029238529616092412
2013-05-24,-0.0005513447358695966
2013-05-28,0.006340931134820593
2013-05-29,-0.007047938026336409
2013-05-30,0.0036703147370720224
2013-05-31,-0.014307215261029627
2013-06-03,0.005935955455805386
2013-06-04,-0.005510783823654886
2013-06-05,-0.013779744755973433
2013-06-06,0.008490272857231584
2013-06-07,0.012831574795385103
2013-06-10,-0.0003468461341870066
2013-06-11,-0.010153334834825611
2013-06-12,-0.008369564548959874
2013-06-13,0.014784312752710083
2013-06-14,-0.0058850130778067555
2013-06-17,0.007567328321233413
2013-06-18,0.007791146036704388
2013-06-19,-0.01385147202160053
2013-06-20,-0.025010282823694108
2013-06-21,0.002669705765683039
2013-06-24,-0.012144960846002695
2013-06-25,0.009497231563356134
2013-06-26,0.00959049892004571
2013-06-27,0.006199867769419942
2013-06-28,-0.004289610711629144
2013-07-01,0.0054037901237642405
2013-07-02,-0.0005449051369693647
2013-07-03,0.0008239988104679075
2013-07-05,0.010201744448777639
2013-07-08,0.005251579456948763
2013-07-09,0.007229679480145856
2013-07-10,0.00018156289338633336
2013-07-11,0.013554235093367062
2013-07-12,0.0030865303100859887
2013-07-15,0.0013748445116326113
2013-07-16,-0.0037087667161961324
2013-07-17,0.0027740326679632776
2013-07-18,0.005032988083835344
2013-07-19,0.0016100676583579165
2013-07-22,0.00203298878901248
2013-07-23,-0.0018519283056034341
2013-07-24,-0.0038111782745112732
2013-07-25,0.002556437358387509
2013-07-26,0.0008282798402603486
2013-07-29,-0.0037359973989892215
2013-07-30,0.0003738140304867521
2013-07-31,-0.00013642079290143716
2013-08-01,0.01254056106256618
2013-08-02,0.0016404295581973205
2013-08-05,-0.001479817742605305
2013-08-06,-0.005723022130581068
2013-08-07,-0.003805887932507246
2013-08-08,0.0038854817819991005
2013-08-09,-0.003569997879209197
2013-08-12,-0.0011528774639061323
2013-08-13,0.0027760185146821215
2013-08-14,-0.005176606695943664
2013-08-15,-0.01428156094435129
2013-08-16,-0.003304601160523002
2013-08-19,-0.005900364167819139
2013-08-20,0.0038212458841111463
2013-08-21,-0.005779647169183222
2013-08-22,0.008619430241051829
2013-08-23,0.003946987253765855
2013-08-26,-0.004039675383228136
2013-08-27,-0.01587416555004284
2013-08-28,0.002747657131642267
2013-08-29,0.0019633507853402676
2013-08-30,-0.003174273732274413
2013-09-03,0.00416419162630044
2013-09-04,0.008116992017173086
2013-09-05,0.0012098628015582147
2013-09-06,5.437803610708336e-05
2013-09-09,0.00999293123969136
2013-09-10,0.0073457716948512886
2013-09-11,0.0030522746572130277
2013-09-12,-0.00338043845056335
2013-09-13,0.002714711717812568
2013-09-16,0.0056931616893465264
2013-09-17,0.004217719132893594
2013-09-18,0.01217766723761704
2013-09-19,-0.0018429227131532278
2013-09-20,-0.007216925810234809
2013-09-23,-0.0047195466428058275
2013-09-24,-0.0025971889249282176
2013-09-25,-0.0027394516383688616
2013-09-26,0.0034854114853171136
2013-09-27,-0.004073775365432963
2013-09-30,-0.006029259642382212
2013-10-01,0.007998572745383736
2013-10-02,-0.0006666666666667043
2013-10-03,-0.008979437619179631
2013-10-04,0.007053244850058871
2013-10-07,-0.008506359065365343
2013-10-08,-0.012332052597665899
2013-10-09,0.0005738620918782633
2013-10-10,0.0218304757304999
2013-10-11,0.006286335491799466
2013-10-14,0.004074682949741781
2013-10-15,-0.007063749166735023
2013-10-16,0.013827544374168221
2013-10-17,0.006743961801642717
2013-10-18,0.00654876958139794
2013-10-21,9.17168243050881e-05
2013-10-22,0.0057375075946028975
2013-10-23,-0.0047245350977676015
2013-10-24,0.003258168325335653
2013-10-25,0.004394801577562557
2013-10-28,0.0013297192246712886
2013-10-29,0.0055842143793520815
2013-10-30,-0.004875984085329743
2013-10-31,-0.0038393702752210768
2013-11-01,0.0029034351623078436
2013-11-04,0.003570536545491665
2013-11-05,-0.0028055409433631606
2013-11-06,0.004265529192215345
2013-11-07,-0.013182791204694677
2013-11-08,0.013427582062215393
2013-11-11,0.000722914701713151
2013-11-12,-0.0023703503039127494
2013-11-13,0.008095310829387525
2013-11-14,0.0048372615039280475
2013-11-15,0.004222001317979451
2013-11-18,-0.003698183719093806
2013-11-19,-0.0020429465317355344
2013-11-20,-0.003635611090291757
2013-11-21,0.008128575197741128
2013-11-22,0.00496143887295708
2013-11-25,-0.0012633258715840645
2013-11-26,0.00014979361768219235
2013-11-27,0.0024850922202190873
2013-11-29,-0.000785732861893651
2013-12-02,-0.0027190014453346567
2013-12-03,-0.0031928480204341803
2013-12-04,-0.001303512241316973
2013-12-05,-0.004339556338931572
2013-12-06,0.011237906365719308
2013-12-09,0.001817083912713402
2013-12-10,-0.0031796590299552063
2013-12-11,-0.011316861013413781
2013-12-12,-0.0037705782675540034
2013-12-13,-0.0001013798929879739
2013-12-16,0.006319987382556347
2013-12-17,-0.0031009661132691546
2013-12-18,0.01664795058955648
2013-12-19,-0.0005799022450502234
2013-12-20,0.004818744473916947
2013-12-23,0.005318095824717428
2013-12-24,0.0029157708740199517
2013-12-26,0.004745489058102237
2013-12-27,-0.0003365870077414179
2013-12-30,-0.00017921146953414624
2013-12-31,0.003959653896918658
2014-01-02,-0.008861910017529007
2014-01-03,-0.000332973067391662
2014-01-06,-0.0025117807979817552
2014-01-07,0.006081772746432401
2014-01-08,-0.0002122010142120434
2014-01-09,0.00034830121524476176
2014-01-10,0.0023066921273249275
2014-01-13,-0.01257619262146037
2014-01-14,0.010817941952506738
2014-01-15,0.005166188114504422
2014-01-16,-0.001347125591058096
2014-01-17,-0.0038951400137603454
2014-01-21,0.002773698808941072
2014-01-22,0.0005748996637378045
2014-01-23,-0.008889563435707792
2014-01-24,-0.020875490850223777
2014-01-27,-0.0048763049561803
2014-01-28,0.006140685691192083
2014-01-29,-0.010209205020920487
2014-01-30,0.011267049938000318
2014-01-31,-0.00646531303819553
2014-02-03,-0.02283194677407585
2014-02-04,0.00764112544420148
2014-02-05,-0.0020282588878759444
2014-02-06,0.01243977072914526
2014-02-07,0.013301906475022829
2014-02-10,0.0015692646715117498
2014-02-11,0.011062094408391898
2014-02-12,-0.0002692677565599988
2014-02-13,0.005810054637599871
2014-02-14,0.004809189924747104
2014-02-18,0.0011584712530525731
2014-02-19,-0.006524479019535456
2014-02-20,0.006031442241968499
2014-02-21,-0.0019187076715694307
2014-02-24,0.006186521443158455
2014-02-25,-0.0013476870118693807
2014-02-26,2.167880679859735e-05
2014-02-27,0.004948080383272879
2014-02-28,0.00278273624945391
2014-03-03,-0.007378525908198652
2014-03-04,0.01526767186966671
2014-03-05,-5.336435581226873e-05
2014-03-06,0.0017184239597398676
2014-03-07,0.0005380841009468007
2014-03-10,-0.00046324891908577914
2014-03-11,-0.0050821182950930854
2014-03-12,0.00030519963804387373
2014-03-13,-0.011701102665667595
2014-03-14,-0.0028217988019539897
2014-03-17,0.009613661175473576
2014-03-18,0.007219595121662481
2014-03-19,-0.006131659767659281
2014-03-20,0.006040510111405606
2014-03-21,-0.0029326766416846173
2014-03-24,-0.004864667938195066
2014-03-25,0.004403910758893792
2014-03-26,-0.007000353769792356
2014-03-27,-0.0019000734119272167
2014-03-28,0.004640245749145455
2014-03-31,0.007924117957386345
2014-04-01,0.007039319781663611
2014-04-02,0.002853324281895775
2014-04-03,-0.0011264477233063896
2014-04-04,-0.012537259698110481
2014-04-07,-0.010750151467221358
2014-04-08,0.003750596193036415
2014-04-09,0.010918162379317087
2014-04-10,-0.020884743988291765
2014-04-11,-0.009486765443952216
2014-04-14,0.008217261757238248
2014-04-15,0.006757310404728489
2014-04-16,0.01048844805695115
2014-04-17,0.0013638975251166752
2014-04-21,0.0037751025551653328
2014-04-22,0.004092120797696275
2014-04-23,-0.0022132957356812977
2014-04-24,0.0017169762022830604
2014-04-25,-0.008096411708656825
2014-04-28,0.00323602017816893
2014-04-29,0.004760809444589897
2014-04-30,0.0029920195066894806
2014-05-01,-0.00014331590541150074
2014-05-02,-0.0013484243608256063
2014-05-05,0.0018712057582104258
2014-05-06,-0.008988358642938232
2014-05-07,0.005616473561347535
2014-05-08,-0.001373648314086262
2014-05-09,0.0015194894515442314
2014-05-12,0.009672714109279834
2014-05-13,0.00042179632509942167
2014-05-14,-0.0047010461408732995
2014-05-15,-0.009361778737960291
2014-05-16,0.0037469599379960083
2014-05-19,0.0038501272725335323
2014-05-20,-0.0065036682598709206
2014-05-21,0.008116059653038521
2014-05-22,0.002362250599831528
2014-05-23,0.00424837119350685
2014-05-27,0.005987803402208947
2014-05-28,-0.0011140691768964928
2014-05-29,0.005367110347788806
2014-05-30,0.0018437211918562735
2014-06-02,0.0007278133886472471
2014-06-03,-0.0003792266892471696
2014-06-04,0.00189165592649565
2014-06-05,0.006525302404714051
2014-06-06,0.0046277686734073065
2014-06-09,0.0009387311227839756
2014-06-10,-0.0002459936349147318
2014-06-11,-0.0035370285884179786
2014-06-12,-0.007088878485922656
2014-06-13,0.0031345363735746368
2014-06-16,0.0008367077101065767
2014-06-17,0.0021725892516177847
2014-06-18,0.007718886297045868
2014-06-19,0.0012774785639098063
2014-06-20,0.0017300508298119244
2014-06-23,-0.0001324591032518807
2014-06-24,-0.006435308084642322
2014-06-25,0.0048974861280628446
2014-06-26,-0.0011788541129760244
2014-06-27,0.0019108735860047243
2014-06-30,-0.0003722666449086365
2014-07-01,0.006677787810614122
2014-07-02,0.0006587882350557184
2014-07-03,0.005479535302995053
2014-07-07,-0.003923563542590047
2014-07-08,-0.0070487700048037505
2014-07-09,0.004644270284308805
2014-07-10,-0.004131121282624384
2014-07-11,0.001470977461978551
2014-07-14,0.004843537968153511
2014-07-15,-0.0019321228061301987
2014-07-16,0.0042011270574879855
2014-07-17,-0.011834050777918548
2014-07-18,0.01026494801135791
2014-07-21,-0.0023202677154209317
2014-07-22,0.005016137776584273
2014-07-23,0.0017544478782776096
2014-07-24,0.00048817066849182744
2014-07-25,-0.004849143351542851
2014-07-28,0.0002881203433182655
2014-07-29,-0.004527745071781997
2014-07-30,6.091525165596856e-05
2014-07-31,-0.019999289365352446
2014-08-01,-0.0028591110857888458
2014-08-04,0.007189050203880276
2014-08-05,-0.009685454798632254
2014-08-06,1.56232912025267e-05
2014-08-07,-0.005556597092030158
2014-08-08,0.011531391884036735
2014-08-11,0.0027593847555642537
2014-08-12,-0.001636618962063574
2014-08-13,0.006707175177763425
2014-08-14,0.004345771348730265
2014-08-15,-6.137542323469969e-05
2014-08-18,0.00853170746677856
2014-08-19,0.005000659316136913
2014-08-20,0.002477795720629894
2014-08-21,0.002949897055640305
2014-08-22,-0.0019926017757744274
2014-08-25,0.004787769060551117
2014-08-26,0.0010510931368623577
2014-08-27,4.999950000494913e-05
2014-08-28,-0.0016898986060835952
2014-08-29,0.0033204122720034146
2014-09-02,-0.0005440832197746159
2014-09-03,-0.0007791118125336505
2014-09-04,-0.0015344475988643413
2014-09-05,0.005035917202713236
2014-09-08,-0.0030731529952034986
2014-09-09,-0.006544960380507003
2014-09-10,0.0036460743095090287
2014-09-11,0.0008819004955680221
2014-09-12,-0.005962602317955423
2014-09-15,-0.0007101342707775959
2014-09-16,0.007484388623729243
2014-09-17,0.0012956607870013848
2014-09-18,0.004891160439055353
2014-09-19,-0.00047728899848853423
2014-09-22,-0.008013330680461617
2014-09-23,-0.005776491884329715
2014-09-24,0.007832476787524412
2014-09-25,-0.0161687434319171
2014-09-26,0.008575832023560492
2014-09-29,-0.002546839145674107
2014-09-30,-0.002785923753665709
2014-10-01,-0.013248558781923436
2014-10-02,5.138323673214984e-06
2014-10-03,0.011165519969992266
2014-10-06,-0.0015651201788710045
2014-10-07,-0.015126067527814313
2014-10-08,0.017461629889928165
2014-10-09,-0.020661387888607274
2014-10-10,-0.011451034897651202
2014-10-13,-0.016467921915084505
2014-10-14,0.0015788856054705924
2014-10-15,-0.008100335516855739
2014-10-16,0.0001449672213005293
2014-10-17,0.01288410745345625
2014-10-20,0.009142657253704778
2014-10-21,0.019574477024805637
2014-10-22,-0.0072993076732877915
2014-10-23,0.012303397315150733
2014-10-24,0.007053444192698377
2014-10-27,-0.0015015932158526368
2014-10-28,0.01193905068743839
2014-10-29,-0.001385355532606214
2014-10-30,0.006230136709882483
2014-10-31,0.01173138144536634
2014-11-03,-0.00011892668665292039
2014-11-04,-0.0028298006254305896
2014-11-05,0.005700511902986927
2014-11-06,0.003775505665729373
2014-11-07,0.0003495453448929542
2014-11-10,0.0031202015827394014
2014-11-11,0.0006966726521642208
2014-11-12,-0.0007010903671164082
2014-11-13,0.0005298663068808995
2014-11-14,0.00024027499227696758
2014-11-17,0.000735359002264957
2014-11-18,0.005133932945349251
2014-11-19,-0.0015011209669559822
2014-11-20,0.001967081885274835
2014-11-21,0.0052368773596394025
2014-11-24,0.0028640659074388175
2014-11-25,-0.0011500862564690628
2014-11-26,0.002805958307329659
2014-11-28,-0.002542417853852008
2014-12-01,-0.006829306041904459
2014-12-02,0.006384408602150504
2014-12-03,0.003764728654036764
2014-12-04,-0.001161820925310808
2014-12-05,0.0016651222054904213
2014-12-08,-0.0072565373885138396
2014-12-09,-0.0002378282879760274
2014-12-10,-0.016350943286306596
2014-12-11,0.004535718163601654
2014-12-12,-0.016213586985894146
2014-12-15,-0.006342610858349973
2014-12-16,-0.008489015545603995
2014-12-17,0.020352403256384655
2014-12-18,0.024015221894887473
2014-12-19,0.0045700867928373246
2014-12-22,0.0038103977012049484
2014-12-23,0.001746418158899976
2014-12-24,-0.00013927777270827946
2014-12-26,0.0033095087132783974
2014-12-29,0.0008617511741360051
2014-12-30,-0.004888618893411967
2014-12-31,-0.010310765015502099
2015-01-02,-0.0003399873718977764
2015-01-05,-0.018278107083859685
2015-01-06,-0.008893486028764053
2015-01-07,0.011629823080879564
2015-01-08,0.017888345920331616
2015-01-09,-0.008403891103416772
2015-01-12,-0.008093661513783657
2015-01-13,-0.0025785648782700177
2015-01-14,-0.005813062584341333
2015-01-15,-0.00924788815027322
2015-01-16,0.013424199691870697
2015-01-20,0.0015499499856392873
2015-01-21,0.004731650639044682
2015-01-22,0.01526976753341347
2015-01-23,-0.005491602646438665
2015-01-26,0.002568451423614171
2015-01-27,-0.0133878439932138
2015-01-28,-0.013495602473454604
2015-01-29,0.009534702521277083
2015-01-30,-0.012991960420531856
2015-02-02,0.0129624709898295
2015-02-03,0.01443946854046585
2015-02-04,-0.004156036740925795
2015-02-05,0.010291401952476242
2015-02-06,-0.0034181486724977894
2015-02-09,-0.004247203802536514
2015-02-10,0.010675513255225422
2015-02-11,-2.9005264455483903e-05
2015-02-12,0.009644530173601451
2015-02-13,0.004074733777675421
2015-02-17,0.0015975278852071728
2015-02-18,-0.00031423483816916953
2015-02-19,-0.0010620666006249113
2015-02-20,0.0061264869245991616
2015-02-23,-0.0003032744159600087
2015-02-24,0.002758738374904146
2015-02-25,-0.0007657836519371353
2015-02-26,-0.0014759728648067183
2015-02-27,-0.002956309161715742
2015-03-02,0.0061249703017343116
2015-03-03,-0.004538606491954589
2015-03-04,-0.0043885035440131
2015-03-05,0.0011960753479816066
2015-03-06,-0.014173932909416154
2015-03-09,0.003944458928381467
2015-03-10,-0.016961378839393415
2015-03-11,-0.0019176581089542788
2015-03-12,0.012601458651923192
2015-03-13,-0.006074687189912553
2015-03-16,0.01353365150482122
2015-03-17,-0.003320215838054086
2015-03-18,0.012158435698169878
2015-03-19,-0.004872588711598014
2015-03-20,0.009012717360609157
2015-03-23,-0.0017456477396706749
2015-03-24,-0.006139458853270718
2015-03-25,-0.014558928998326448
2015-03-26,-0.0023774289803740745
2015-03-27,0.002368504243367431
2015-03-30,0.012236659518102488
2015-03-31,-0.008795728200015285
2015-04-01,-0.003965394677666545
2015-04-02,0.0035296573756244953
2015-04-06,0.006608739404729613
2015-04-07,-0.0020618853995443276
2015-04-08,0.0026826178882932705
2015-04-09,0.004457466737115112
2015-04-10,0.005202804158417784
2015-04-13,-0.004581220326727142
2015-04-14,0.0016296841471401535
2015-04-15,0.005148293762882616
2015-04-16,-0.0007784945624055295
2015-04-17,-0.01131121763048748
2015-04-20,0.009235145446333526
2015-04-21,-0.0014806703485050754
2015-04-22,0.00508751770141469
2015-04-23,0.002357729748192483
2015-04-24,0.00225279588060201
2015-04-27,-0.004141304912428145
2015-04-28,0.0027691899171140566
2015-04-29,-0.003740377158637509
2015-04-30,-0.010128865367728945
2015-05-01,0.010922987662490113
2015-05-04,0.0029407719051932624
2015-05-05,-0.011837369767650707
2015-05-06,-0.0044556966871822645
2015-05-07,0.0037737663149290945
2015-05-08,0.01345785440613012
2015-05-11,-0.005089551533481451
2015-05-12,-0.002949656348410934
2015-05-13,-0.00030488966805131135
2015-05-14,0.010779230681254859
2015-05-15,0.0007684691905143204
2015-05-18,0.003047961822747025
2015-05-19,-0.0006434341536727395
2015-05-20,-0.0009305254649102368
2015-05-21,0.002337888374062347
2015-05-22,-0.0022338817919862475
2015-05-26,-0.01028192995494015
2015-05-27,0.00916262712669913
2015-05-28,-0.0012667884792887385
2015-05-29,-0.006318400218786491
2015-06-01,0.0020594194714789182
2015-06-02,-0.0010086516742198182
2015-06-03,0.0021188850967008843
2015-06-04,-0.008623177094419732
2015-06-05,-0.0014361783342240475
2015-06-08,-0.00647448669982742
2015-06-09,0.00041841406640763523
2015-06-10,0.012042400788404573
2015-06-11,0.001738552156564932
2015-06-12,-0.006994300238043261
2015-06-15,-0.004622488789987278
2015-06-16,0.005689804886707783
2015-06-17,0.001979687924857698
2015-06-18,0.009902687056045245
2015-06-19,-0.005303501725405946
2015-06-22,0.006094815615239835
2015-06-23,0.0006359375368019116
2015-06-24,-0.0073533565577629245
2015-06-25,-0.002973565148109092
2015-06-26,-0.0003900471386237836
2015-06-29,-0.020866147352592623
2015-06-30,0.0026583853346553443
2015-07-01,0.0069361304050681305
2015-07-02,-0.0003080744384861278
2015-07-06,-0.003861747512976854
2015-07-07,0.006080937373112327
2015-07-08,-0.016652733335255188
2015-07-09,0.002262200246252455
2015-07-10,0.012338456888524973
2015-07-13,0.011066059269389639
2015-07-14,0.004457991998475963
2015-07-15,-0.0007397010848948504
2015-07-16,0.008014615165606864
2015-07-17,0.0011062519712468077
2015-07-20,0.0007711695444458933
2015-07-21,-0.0042616573007311365
2015-07-22,-0.002387682202330099
2015-07-23,-0.005676040016082129
2015-07-24,-0.010703327545608099
2015-07-27,-0.0057750102180655905
2015-07-28,0.012386102029366963
2015-07-29,0.007318762689597635
2015-07-30,2.845530383144279e-05
2015-07-31,-0.0022716171163267296
2015-08-03,-0.002756863639820639
2015-08-04,-0.0022497187851517886
2015-08-05,0.003114669520188018
2015-08-06,-0.007752971654983343
2015-08-07,-0.0028748872122712488
2015-08-10,0.012808232694927035
2015-08-11,-0.009557167162504987
2015-08-12,0.0009500640573494312
2015-08-13,-0.0012751372210638712
2015-08-14,0.0039118935964941315
2015-08-17,0.005211470973541132
2015-08-18,-0.0026255208234241545
2015-08-19,-0.008254964424012301
2015-08-20,-0.021100110116800797
2015-08-21,-0.031850982202944356
2015-08-24,-0.03941366590728046
2015-08-25,-0.013522007595565322
2015-08-26,0.03903384539598753
2015-08-27,0.024297736162143035
2015-08-28,0.0006087560246721413
2015-08-31,-0.008391699809439435
2015-09-01,-0.029576407832956453
2015-09-02,0.018292969668469272
2015-09-03,0.0011647835144650287
2015-09-04,-0.015329578244401953
2015-09-08,0.025083020164270664
2015-09-09,-0.013897563229596788
2015-09-10,0.005277955139955992
2015-09-11,0.0044870382986135215
2015-09-14,-0.0040896458529868784
2015-09-15,0.012831344116577714
2015-09-16,0.008705367298757816
2015-09-17,-0.0025610055580335134
2015-09-18,-0.016164204602552523
2015-09-21,0.004565813598361723
2015-09-22,-0.01231843902042229
2015-09-23,-0.002048652933485662
2015-09-24,-0.0033629742722152134
2015-09-25,-0.0004657806483666649
2015-09-28,-0.02566611782492978
2015-09-29,0.0012328818080848958
2015-09-30,0.0190755218699743
2015-10-01,0.001973927490716232
2015-10-02,0.014315268580220586
2015-10-05,0.01828980813381431
2015-10-06,-0.0035882338139452408
2015-10-07,0.008035678209220576
2015-10-08,0.008818386335509576
2015-10-09,0.0007251307470337309
2015-10-12,0.0012755038736604885
2015-10-13,-0.006825414134604912
2015-10-14,-0.004716298429397803
2015-10-15,0.01485277599486512
2015-10-16,0.004570474242289402
2015-10-19,0.00027052151629769483
2015-10-20,-0.001421083170244808
2015-10-21,-0.005825376581296671
2015-10-22,0.016627537222502875
2015-10-23,0.011030396928638497
2015-10-26,-0.0019131147145990957
2015-10-27,-0.0025540995953997614
2015-10-28,0.011839933394323987
2015-10-29,-0.00044968545937285054
2015-10-30,-0.0048099702786910115
2015-11-02,0.011873845798707316
2015-11-03,0.002728072051519481
2015-11-04,-0.0035453765540646165
2015-11-05,-0.0011320880364932284
2015-11-06,-0.00034763063530685034
2015-11-09,-0.00982278963414629
2015-11-10,0.0015106466914911465
2015-11-11,-0.0032280998405164185
2015-11-12,-0.01399036144578314
2015-11-13,-0.011207397957936904
2015-11-16,0.014903313824738973
2015-11-17,-0.0013393792099123392
2015-11-18,0.016162384658902518
2015-11-19,-0.0011230670288638889
2015-11-20,0.0038102285176147
2015-11-23,-0.0012349401915593416
2015-11-24,0.0012220896294909966
2015-11-25,-0.0001292397828771552
2015-11-27,0.0005936223891387371
2015-11-30,-0.004640904067250151
2015-12-01,0.010680586999677999
2015-12-02,-0.010995752937987158
2015-12-03,-0.014373578391063457
2015-12-04,0.020525755993794137
2015-12-07,-0.00698956346303703
2015-12-08,-0.006489911269239812
2015-12-09,-0.007738940390290883
2015-12-10,0.00225139430167709
2015-12-11,-0.01942277425044958
2015-12-14,0.00475558669628362
2015-12-15,0.010618514891638675
2015-12-16,0.014514952946300674
2015-12-17,-0.015040495497016582
2015-12-18,-0.017797236873680844
2015-12-21,0.007778414898656383
2015-12-22,0.008816762734086936
2015-12-23,0.012418034595898853
2015-12-24,-0.0015986125980361754
2015-12-28,-0.0021785646703768036
2015-12-29,0.010629710673474513
2015-12-30,-0.007217228968994793
2015-12-31,-0.009411833126550917
2016-01-04,-0.01530377604039257
2016-01-05,0.002012262379140095
2016-01-06,-0.013115420660382515
2016-01-07,-0.023700421050516063
2016-01-08,-0.01083840686741222
2016-01-11,0.0008532645172032449
2016-01-12,0.007802793618448156
2016-01-13,-0.024965440402748285
2016-01-14,0.01669593922593471
2016-01-15,-0.02159909253631931
2016-01-19,0.0005318215419634065
2016-01-20,-0.011693854879261001
2016-01-21,0.005195419855539507
2016-01-22,0.020283682630725774
2016-01-25,-0.015637946405160252
2016-01-26,0.014144309246276299
2016-01-27,-0.010863455608495332
2016-01-28,0.005528558910220527
2016-01-29,0.02476021464486422
2016-02-01,-0.00044324413474616797
2016-02-02,-0.018743103466056232
2016-02-03,0.004992039011471272
2016-02-04,0.0015267734362336416
2016-02-05,-0.018481296823200877
2016-02-08,-0.014153878886199789
2016-02-09,-0.0006636308701657434
2016-02-10,-0.0001889634544679497
2016-02-11,-0.01230114587495812
2016-02-12,0.01951800905373191
2016-02-16,0.01651669365823305
2016-02-17,0.016485719410417987
2016-02-18,-0.004670884302195866
2016-02-19,-2.60711324778784e-05
2016-02-22,0.01445421268341529
2016-02-23,-0.012454381906964795
2016-02-24,0.0044397716094042305
2016-02-25,0.011348326251425123
2016-02-26,-0.0018701644719988364
2016-02-29,-0.008120941454274777
2016-03-01,0.023868794087660294
2016-03-02,0.00409432102509677
2016-03-03,0.003498703717687457
2016-03-04,0.0033059095013543427
2016-03-07,0.0008850044250221512
2016-03-08,-0.011240108704340224
2016-03-09,0.0050574457120338145
2016-03-10,0.00015080909077203053
2016-03-11,0.016395502545776264
2016-03-14,-0.0012610091039911842
2016-03-15,-0.0018369610425620353
2016-03-16,0.005600392870784177
2016-03-17,0.0065952387999328455
2016-03-18,0.004405588579773578
2016-03-21,0.0009855677748611402
2016-03-22,-0.0008773640085785184
2016-03-23,-0.006385988876963622
2016-03-24,-0.00037806069592627445
2016-03-28,0.0005452027073489241
2016-03-29,0.008816671166638201
2016-03-30,0.004350343793947387
2016-03-31,-0.0020397780953995692
2016-04-01,0.006330896132521691
2016-04-04,-0.0032082517199124583
2016-04-05,-0.010144569799577008
2016-04-06,0.010507683957812652
2016-04-07,-0.011975845083371128
2016-04-08,0.0027866066574921966
2016-04-11,-0.002739792928306284
2016-04-12,0.00966214330138726
2016-04-13,0.010040160642570406
2016-04-14,0.00017287578874580767
2016-04-15,-0.00098426141983321
2016-04-18,0.006540973600611455
2016-04-19,0.0030845039487379378
2016-04-20,0.0007616146230007281
2016-04-21,-0.005194063926940662
2016-04-22,4.7813031919918814e-05
2016-04-25,-0.0018120272712495167
2016-04-26,0.001872793719674748
2016-04-27,0.001649376105560263
2016-04-28,-0.00923084266043006
2016-04-29,-0.00506308380824827
2016-05-02,0.007810003389338016
2016-05-03,-0.008676727057840061
2016-05-04,-0.005936889651395494
2016-05-05,-0.00023889387261577522
2016-05-06,0.003174634136826171
2016-05-09,0.0007534732687128898
2016-05-10,0.012483666797817872
2016-05-11,-0.0095615503816463
2016-05-12,-0.00016953585925616466
2016-05-13,-0.008478230326872227
2016-05-16,0.009796688181920254
2016-05-17,-0.009411320681679491
2016-05-18,0.00020515726281145064
2016-05-19,-0.0037067243593813526
2016-05-20,0.006019489813925416
2016-05-23,-0.002085444764948985
2016-05-24,0.013681373410675546
2016-05-25,0.006974750248066153
2016-05-26,-0.0002104719354808493
2016-05-27,0.004286876226017977
2016-05-31,-0.0010004478195001498
2016-06-01,0.001130207538531991
2016-06-02,0.002824710741046177
2016-06-03,-0.0029117543676315805
2016-06-06,0.004897266962979874
2016-06-07,0.0012894600859958416
2016-06-08,0.003309455383901483
2016-06-09,-0.0017176941371889187
2016-06-10,-0.009175222644506098
2016-06-13,-0.008115186992800894
2016-06-14,-0.0017988898829277566
2016-06-15,-0.0018406799915194894
2016-06-16,0.0031329954139511784
2016-06-17,-0.003257956005563112
2016-06-20,0.005808171029634712
2016-06-21,0.0027121084843393373
2016-06-22,-0.001651586959643958
2016-06-23,0.013364022153492305
2016-06-24,-0.03591978498287063
2016-06-27,-0.01809650487628911
2016-06-28,0.01777020204544777
2016-06-29,0.01703264590465059
2016-06-30,0.013565002390415248
2016-07-01,0.0019486769007937
2016-07-05,-0.006847523716683512
2016-07-06,0.005352996097771179
2016-07-07,-0.0008715406266519565
2016-07-08,0.015253348586681925
2016-07-11,0.0034086107328981097
2016-07-12,0.007009302064421963
2016-07-13,0.00013474959807435738
2016-07-14,0.005259172191430128
2016-07-15,-0.0009289428076257877
2016-07-18,0.0023823401519147414
2016-07-19,-0.001435236675604079
2016-07-20,0.004270304744474762
2016-07-21,-0.0036124840084306165
2016-07-22,0.004553914935085945
2016-07-25,-0.0030114527155947757
2016-07-26,0.0003228067586511507
2016-07-27,-0.001198609612849011
2016-07-28,0.0016062180948777094
2016-07-29,0.0016312913007012764
2016-08-01,-0.0012697828487301388
2016-08-02,-0.006361592747507805
2016-08-03,0.00313393879547319
2016-08-04,0.00021258994634409945
2016-08-05,0.008603442301027941
2016-08-08,-0.0009070627201803738
2016-08-09,0.0003897491391129382
2016-08-10,-0.002864685984581117
2016-08-11,0.0047345655461528136
2016-08-12,-0.0007960508557545154
2016-08-15,0.002792976351273957
2016-08-16,-0.005479076775563363
2016-08-17,0.001868558180106783
2016-08-18,0.002199594907937863
2016-08-19,-0.001440316046492529
2016-08-22,-0.0005632203382069934
2016-08-23,0.0019517648352453953
2016-08-24,-0.005240294480771901
2016-08-25,-0.001365241054683275
2016-08-26,-0.0015788480393283955
2016-08-29,0.005228119352340244
2016-08-30,-0.0019537878718389745
2016-08-31,-0.0023757880999210057
2016-09-01,-4.145650521647504e-05
2016-09-02,0.004201100024874949
2016-09-06,0.002981678730997528
2016-09-07,-0.00014635395704520882
2016-09-08,-0.002223076078603392
2016-09-09,-0.024522073992573334
2016-09-12,0.014677062331693191
2016-09-13,-0.014830665480954464
2016-09-14,-0.0005876766556026647
2016-09-15,0.01010927804983619
2016-09-16,-0.0037722492851356426
2016-09-19,-1.8698928551330596e-05
2016-09-20,0.00029918845132592686
2016-09-21,0.010917112199498868
2016-09-22,0.006499870557343135
2016-09-23,-0.005736778768866024
2016-09-26,-0.00858783474770064
2016-09-27,0.006444247705139627
2016-09-28,0.005296467941090732
2016-09-29,-0.00932130406149101
2016-09-30,0.007967905240501505
2016-10-03,-0.003260664031693561
2016-10-04,-0.004955580233203749
2016-10-05,0.004296695171798204
2016-10-06,0.0004815416741907885
2016-10-07,-0.0032534698278855467
2016-10-10,0.004605941292820992
2016-10-11,-0.012446502685264704
2016-10-12,0.0011466118788989732
2016-10-13,-0.0030993184304264343
2016-10-14,0.00020163653841631657
2016-10-17,-0.0030380031692749387
2016-10-18,0.006160357394780158
2016-10-19,0.0021919985043934442
2016-10-20,-0.0013757467506726462
2016-10-21,-8.405951413614776e-05
2016-10-24,0.004749761811354558
2016-10-25,-0.0037976507555791406
2016-10-26,-0.0017404206872095873
2016-10-27,-0.0029867768517781723
2016-10-28,-0.003108239882983921
2016-10-31,-0.00012227181023405365
2016-11-01,-0.006786915316417175
2016-11-02,-0.00652548633341532
2016-11-03,-0.0044233867508127744
2016-11-04,-0.0016661400132141901
2016-11-07,0.022223501088635134
2016-11-08,0.003771956162738288
2016-11-09,0.011077043878180648
2016-11-10,0.0019507595018628532
2016-11-11,-0.0013979367745031723
2016-11-14,-0.00011550278361704969
2016-11-15,0.007480824323075508
2016-11-16,-0.0015822857378724464
2016-11-17,0.004676288735564471
2016-11-18,-0.002386700318226631
2016-11-21,0.007461386864659136
2016-11-22,0.0021654277629676866
2016-11-23,0.0008080111124224576
2016-11-25,0.003914329257229898
2016-11-28,-0.005254478505433036
2016-11-29,0.00133531965917566
2016-11-30,-0.0026534703763845258
2016-12-01,-0.0035155379500729778
2016-12-02,0.0003970644613615626
2016-12-05,0.005821300668354734
2016-12-06,0.0034108794353906458
2016-12-07,0.013163188276083426
2016-12-08,0.002159412853860454
2016-12-09,0.005938945503274562
2016-12-12,-0.0011374046815045835
2016-12-13,0.006539770310506121
2016-12-14,-0.008117197541950394
2016-12-15,0.003883228005396644
2016-12-16,-0.0017506399119374683
2016-12-19,0.001975138060378967
2016-12-20,0.0036375208284531446
2016-12-21,-0.002457327062305281
2016-12-22,-0.00186298660592088
2016-12-23,0.0012516807020026555
2016-12-27,0.002248441772426002
2016-12-28,-0.00835654596100277
2016-12-29,-0.00029334376333378653
2016-12-30,-0.004637080639855018
2017-01-03,0.008486575577422162
2017-01-04,0.00572230858833489
2017-01-05,-0.0007706704833204681
2017-01-06,0.00351696782723665
2017-01-09,-0.0035485599346501973
2017-01-10,0.0
2017-01-11,0.002829564987438804
2017-01-12,-0.002144753265474808
2017-01-13,0.0018498617008155804
2017-01-17,-0.0029675025498540064
2017-01-18,0.0017637539739581154
2017-01-19,-0.0036093296770529637
2017-01-20,0.003366185299223723
2017-01-23,-0.0026900775323491777
2017-01-24,0.006564541762317022
2017-01-25,0.008026069375062894
2017-01-26,-0.0007353037152416642
2017-01-27,-0.000866468119198105
2017-01-30,-0.006009526341248739
2017-01-31,-0.0008899995615766487
2017-02-01,0.00029839350204285964
2017-02-02,0.0005702879954376794
2017-02-03,0.007264835478001608
2017-02-06,-0.002115416423640437
2017-02-07,0.00022682067208701362
2017-02-08,0.0006933905489561187
2017-02-09,0.0057524611382027135
2017-02-10,0.0035660587468098193
2017-02-13,0.005245887483269263
2017-02-14,0.004007301621389514
2017-02-15,0.004992342508064018
2017-02-16,-0.0008641055656061214
2017-02-17,0.0016785814708464297
2017-02-21,0.00604807839534538
2017-02-22,-0.0010822785345272479
2017-02-23,0.00041899086684549225
2017-02-24,0.001493351834538359
2017-02-27,0.001018020225231675
2017-02-28,-0.0025783310475788745
2017-03-01,0.013673825117192173
2017-03-02,-0.0058598641045760624
2017-03-03,0.0005037952576072424
2017-03-06,-0.0032772164221692712
2017-03-07,-0.0029133039476952893
2017-03-08,-0.0022842521713062336
2017-03-09,0.0007998374933346764
2017-03-10,0.0032686786165836423
2017-03-13,0.00036668633566550035
2017-03-14,-0.0033790189048102937
2017-03-15,0.008374727853051489
2017-03-16,-0.001626657052061442
2017-03-17,-0.0013143639402364293
2017-03-20,-0.00200988121517931
2017-03-21,-0.012407993359932812
2017-03-22,0.0018899156150544716
2017-03-23,-0.0010602737976110888
2017-03-24,-0.0008440041603438031
2017-03-27,-0.0010196332733214408
2017-03-28,0.007251482966702083
2017-03-29,0.0010854034436120763
2017-03-30,0.0029350353432466836
2017-03-31,-0.002255010430479043
2017-04-03,-0.0016421751202002621
2017-04-04,0.0005595970900948988
2017-04-05,-0.0030548776354145657
2017-04-06,0.0019294927644020188
2017-04-07,-0.0008271509105022279
2017-04-10,0.0006877403907383783
2017-04-11,-0.0014339289653649834
2017-04-12,-0.0037599095922304926
2017-04-13,-0.006814702357852864
2017-04-17,0.008613323600764389
2017-04-18,-0.0029033507733046138
2017-04-19,-0.0017163423974997372
2017-04-20,0.007557192163101911
2017-04-21,-0.0030307660961697014
2017-04-24,0.010835781496146835
2017-04-25,0.0060948128803992585
2017-04-26,-0.0004898225753783292
2017-04-27,0.0005528911600243269
2017-04-28,-0.0019131184668260692
2017-05-01,0.00173223722842053
2017-05-02,0.001189115406999841
2017-05-03,-0.0012671621005617695
2017-05-04,0.0005778555696065446
2017-05-05,0.004088687267735702
2017-05-08,3.751109703298283e-05
2017-05-09,-0.0010252648600889147
2017-05-10,0.0011306176259533451
2017-05-11,-0.002162833436821554
2017-05-12,-0.0014784250179582514
2017-05-15,0.004776444016897363
2017-05-16,-0.0006868360584768585
2017-05-17,-0.01817825856948263
2017-05-18,0.0036868431882495223
2017-05-19,0.00676749573068669
2017-05-22,0.005160114706536767
2017-05-23,0.0018379127993919386
2017-05-24,0.0024891386829661855
2017-05-25,0.004441875070184231
2017-05-26,0.0003105500047617671
2017-05-30,-0.0012045599423798903
2017-05-31,-0.00046002544645251664
2017-06-01,0.007571108715482167
2017-06-02,0.003707727381216941
2017-06-05,-0.0012176772294358873
2017-06-06,-0.0027790320594393014
2017-06-07,0.001568333655781684
2017-06-08,0.0002671445128517025
2017-06-09,-0.0008299812227020587
2017-06-12,-0.000978710980068076
2017-06-13,0.004511420562363311
2017-06-14,-0.0009957588050893973
2017-06-15,-0.002239614097263254
2017-06-16,0.00028366345181418673
2017-06-19,0.00834720424141544
2017-06-20,-0.006696665117833511
2017-06-21,-0.0005826764545369123
2017-06-22,-0.00045573798760889517
2017-06-23,0.0015608954610804027
2017-06-26,0.00031579379075585834
2017-06-27,-0.008072749039592986
2017-06-28,0.0088080417296994
2017-06-29,-0.008600027041533398
2017-06-30,0.0015332479232963436
2017-07-03,0.0023107934687074394
2017-07-05,0.0014532669688471778
2017-07-06,-0.00936880791271677
2017-07-07,0.006403153854134258
2017-07-10,0.0009277661864273146
2017-07-11,-0.0007827208199616686
2017-07-12,0.007305619802682184
2017-07-13,0.00187455233807432
2017-07-14,0.0046735271648765675
2017-07-17,-5.286121491343554e-05
2017-07-18,0.0005977699520971491
2017-07-19,0.0053726514969865136
2017-07-20,-0.00015360796821128897
2017-07-21,-0.0003679071741898854
2017-07-24,-0.0010636834995592093
2017-07-25,0.002923183435833865
2017-07-26,0.0002825850883885206
2017-07-27,-0.0009726252406339064
2017-07-28,-0.0013411865461215866
2017-07-31,-0.0007281258848751415
2017-08-01,0.002449095251588762
2017-08-02,0.0004926605689827834
2017-08-03,-0.0021835911800677232
2017-08-04,0.0018890363083294837
2017-08-07,0.001647266869345021
2017-08-08,-0.002414436638168982
2017-08-09,-0.0003636481179190021
2017-08-10,-0.01447441815345063
2017-08-11,0.0012755258980974293
2017-08-14,0.01004374682548792
2017-08-15,-0.0004988158193557357
2017-08-16,0.0014201029777529683
2017-08-17,-0.015436913265616137
2017-08-18,-0.0018353833934839914
2017-08-21,0.0011626229102676966
2017-08-22,0.009940824503679613
2017-08-23,-0.003453604674394928
2017-08-24,-0.002074434133647607
2017-08-25,0.0016728373042720346
2017-08-28,0.00048709604797259054
2017-08-29,0.0008427977612674997
2017-08-30,0.004615133058087695
2017-08-31,0.005721051924853171
2017-09-01,0.0019824813383773066
2017-09-05,-0.007550826754961659
2017-09-06,0.003128750737433128
2017-09-07,-0.00017845989113951521
2017-09-08,-0.001488783416494277
2017-09-11,0.01083922760346634
2017-09-12,0.003363999180100441
2017-09-13,0.0007570659488558285
2017-09-14,-0.0011007176679195263
2017-09-15,0.0018472363580994688
2017-09-18,0.0014558660603223306
2017-09-19,0.0011102812845715793
2017-09-20,0.0006343127281429606
2017-09-21,-0.003045960514145296
2017-09-22,0.0006478445173156988
2017-09-25,-0.002222026840165925
2017-09-26,7.209632068461147e-05
2017-09-27,0.004085163646849521
2017-09-28,0.0012046078243665992
2017-09-29,0.0037050907149631662
2017-10-02,0.0038739997459671383
2017-10-03,0.002158853672423522
2017-10-04,0.0012467548864110167
2017-10-05,0.005646756562926125
2017-10-06,-0.0010736382622734686
2017-10-09,-0.001804395664743219
2017-10-10,0.002322446782173193
2017-10-11,0.001803468933287311
2017-10-12,-0.0016867300136190755
2017-10-13,0.0008781111202582625
2017-10-16,0.0017507647356032052
2017-10-17,0.0006724949562879612
2017-10-18,0.0007423730932734074
2017-10-19,0.0003279635804251946
2017-10-20,0.005116896296007312
2017-10-23,-0.0039724915637947555
2017-10-24,0.0016179463387628878
2017-10-25,-0.004663057143858063
2017-10-26,0.0012709461705413538
2017-10-27,0.008072957350414134
2017-10-30,-0.0031924744388955872
2017-10-31,0.0009444852555358096
2017-11-01,0.001592072256781707
2017-11-02,0.00018996960486306058
2017-11-03,0.0030970792875555375
2017-11-06,0.0012713305304810074
2017-11-07,-0.00018910668318461443
2017-11-08,0.0014436587098169973
2017-11-09,-0.003761977813581785
2017-11-10,-0.0008976174447306029
2017-11-13,0.0009836192541532451
2017-11-14,-0.002309620711533511
2017-11-15,-0.005525675974360822
2017-11-16,0.008196146017733552
2017-11-17,-0.0026260422951377427
2017-11-20,0.001275762452255913
2017-11-21,0.006541086075890767
2017-11-22,-0.0007502799121211767
2017-11-24,0.002056155374497548
2017-11-27,-0.0003842577293442506
2017-11-28,0.00984846737551015
2017-11-29,-0.00036923685973555553
2017-11-30,0.008190946928299692
2017-12-01,-0.00202449028924534
2017-12-04,-0.0010521455442770167
2017-12-05,-0.003739429575970621
2017-12-06,-0.00011408709408766704
2017-12-07,0.0029323728639507607
2017-12-08,0.005506298872194781
2017-12-11,0.0032019611540636816
2017-12-12,0.0015488780033008354
2017-12-13,-0.0004729534441145766
2017-12-14,-0.004070826370242253
2017-12-15,0.008974325134520456
2017-12-18,0.005362862086620401
2017-12-19,-0.003230291135099761
2017-12-20,-0.0008279040973793172
2017-12-21,0.0019856303069889503
2017-12-22,-0.0004581739347455649
2017-12-26,-0.0010583824636460903
2017-12-27,0.00079089722066783
2017-12-28,0.0018340279279212002
2017-12-29,-0.005183178668968558
2018-01-02,0.008303380074131894
2018-01-03,0.006398818907860759
2018-01-04,0.004028661363921104
2018-01-05,0.007033799683552555
2018-01-08,0.0016623225124401397
2018-01-09,0.0013029031448006378
2018-01-10,-0.0011122055472160275
2018-01-11,0.007033618001404562
2018-01-12,0.006749627831013516
2018-01-16,-0.0035244630756861017
2018-01-17,0.009415002053003496
2018-01-18,-0.001616379310344751
2018-01-19,0.004385228178396927
2018-01-22,0.008066754439027823
2018-01-23,0.002174396481431362
2018-01-24,-0.0005600307136341964
2018-01-25,0.0006026346765155566
2018-01-26,0.011841155234656897
2018-01-29,-0.006731944014173874
2018-01-30,-0.010898781509218525
2018-01-31,0.0004889403811609849
2018-02-01,-0.0006480605989779287
2018-02-02,-0.021208513171602883
2018-02-05,-0.040979244278871785
2018-02-06,0.017440938639606607
2018-02-07,-0.0050015954644285765
2018-02-08,-0.037536451302551344
2018-02-09,0.014936071290197583
2018-02-12,0.013914603653299107
2018-02-13,0.0026129518072288693
2018-02-14,0.013402479965752168
2018-02-15,0.0120690869070601
2018-02-16,0.0003734622144111466
2018-02-20,-0.005841403693699454
2018-02-21,-0.00549652831466807
2018-02-22,0.0009735944886408721
2018-02-23,0.016028343614550522
2018-02-26,0.011756997779638123
2018-02-27,-0.012706864297021059
2018-02-28,-0.011095806550352139
2018-03-01,-0.013324342350110263
2018-03-02,0.005071573420174946
2018-03-05,0.011032048304691067
2018-03-06,0.0026387939462098053
2018-03-07,-0.00048384968403136774
2018-03-08,0.00446310693853591
2018-03-09,0.017378795678667736
2018-03-12,-0.001273967637633433
2018-03-13,-0.00636359063175973
2018-03-14,-0.005724493818052956
2018-03-15,-0.0007819660444884358
2018-03-16,0.0017034720983646334
2018-03-19,-0.014204163502312905
2018-03-20,0.001481798210046792
2018-03-21,-0.001843986249236318
2018-03-22,-0.02516289137256489
2018-03-23,-0.020966906104724736
2018-03-26,0.0271572407717926
2018-03-27,-0.017276334844182117
2018-03-28,-0.0029166124426820428
2018-03-29,0.01376967370441462
2018-04-02,-0.02233733580221664
2018-04-03,0.01261483879963432
2018-04-04,0.011566486259060316
2018-04-05,0.00686280811739759
2018-04-06,-0.02192020549488527
2018-04-09,0.003336571356168383
2018-04-10,0.01672687474169199
2018-04-11,-0.005525298565605352
2018-04-12,0.008250731400845313
2018-04-13,-0.0028866474724003055
2018-04-16,0.008109023830139561
2018-04-17,0.01066157798822931
2018-04-18,0.0008313657676830566
2018-04-19,-0.005726120857699746
2018-04-20,-0.008536535555283331
2018-04-23,5.617682967939963e-05
2018-04-24,-0.01338056915166519
2018-04-25,0.0018371189116968
2018-04-26,0.01043418958854292
2018-04-27,0.0011136358523251566
2018-04-30,-0.008187541902161422
2018-05-01,0.0025490455240648746
2018-05-02,-0.007205815880669042
2018-05-03,-0.0022536964035709817
2018-05-04,0.012811201149927953
2018-05-07,0.003457960066380883
2018-05-08,-0.0002656559269333947
2018-05-09,0.009682176113057217
2018-05-10,0.009370632999603501
2018-05-11,0.0017076314600799058
2018-05-14,0.0008835217690965624
2018-05-15,-0.006842165025108815
2018-05-16,0.004060558004020054
2018-05-17,-0.000855843612027285
2018-05-18,-0.002632227136203147
2018-05-21,0.007386738519040259
2018-05-22,-0.0031357367883761977
2018-05-23,0.003248373977771557
2018-05-24,-0.002023202806873625
2018-05-25,-0.002357245505469785
2018-05-29,-0.011564198388288038
2018-05-30,0.01269582803565994
2018-05-31,-0.006879563584568427
2018-06-01,0.01084919435028664
2018-06-04,0.0044795986279628774
2018-06-05,0.0007026178887243884
2018-06-06,0.00856737485448189
2018-06-07,-0.0007141955380813858
2018-06-08,0.0031259362467830343
2018-06-11,0.0010687182218256375
2018-06-12,0.0017433501078361058
2018-06-13,-0.004026050917702695
2018-06-14,0.002471510972283708
2018-06-15,-0.0010170746345898873
2018-06-18,-0.0021261593144484836
2018-06-19,-0.004023433979269853
2018-06-20,0.0017121614137458607
2018-06-21,-0.006345489498865264
2018-06-22,0.0018619806819504259
2018-06-25,-0.013724735741665661
2018-06-26,0.0022045806696182613
2018-06-27,-0.008604290761129008
2018-06-28,0.006178624478169192
2018-06-29,0.0007583817752760957
2018-07-02,0.0030680150237090142
2018-07-03,-0.00494735413740377
2018-07-05,0.00862075320099387
2018-07-06,0.008481296202235589
2018-07-09,0.008823039183714743
2018-07-10,0.0034732074550045677
2018-07-11,-0.007094178621538827
2018-07-12,0.008749035695488905
2018-07-13,0.0010792305300737493
2018-07-16,-0.001028090429120665
2018-07-17,0.00397365665748306
2018-07-18,0.0021604883344306103
2018-07-19,-0.003952948196134454
2018-07-20,-0.0009484790461010695
2018-07-23,0.00183808439484201
2018-07-24,0.004780938945058377
2018-07-25,0.009101545880016992
2018-07-26,-0.003032251490652005
2018-07-27,-0.006562253298748155
2018-07-30,-0.005754180827438504
2018-07-31,0.00488474987511589
2018-08-01,-0.001036825042875611
2018-08-02,0.004922921620689635
2018-08-03,0.0046441380578801095
2018-08-06,0.0035382963367192044
2018-08-07,0.002824165029469361
2018-08-08,-0.00026237996116773576
2018-08-09,-0.001441718864821362
2018-08-10,-0.0071138709971333425
2018-08-13,-0.004005957759204981
2018-08-14,0.00638924424064391
2018-08-15,-0.00760221974957398
2018-08-16,0.007919471183698512
2018-08-17,0.0033231362802699227
2018-08-20,0.002427959426412052
2018-08-21,0.0020685672284348477
2018-08-22,-0.0003981892866123937
2018-08-23,-0.001691231454109654
2018-08-24,0.0061988533346399866
2018-08-27,0.007670392285776817
2018-08-28,0.0002692682118519141
2018-08-29,0.005701427427593275
2018-08-30,-0.004430275493816138
2018-08-31,0.00013443037712890238
2018-09-04,-0.001654305329620409
2018-09-05,-0.002803170482476691
2018-09-06,-0.0036522883057535926
2018-09-07,-0.0022133041469051262
2018-09-10,0.001897843770893859
2018-09-11,0.0037398379635260603
2018-09-12,0.00035666178420923345
2018-09-13,0.005282250806529776
2018-09-14,0.00027546501938591206
2018-09-17,-0.005569745746958565
2018-09-18,0.005369011354195541
2018-09-19,0.00125330973621951
2018-09-20,0.007840574975498171
2018-09-21,-0.00036850635502849727
2018-09-24,-0.0035157543341060027
2018-09-25,-0.0013050760951849316
2018-09-26,-0.00328924803468289
2018-09-27,0.0027632769780832067
2018-09-28,-6.863417982172493e-06
2018-10-01,0.0036410682297065566
2018-10-02,-0.00039663679353352244
2018-10-03,0.0007114930065028613
2018-10-04,-0.008169515742554312
2018-10-05,-0.005527965508803745
2018-10-08,-0.00039506925841348295
2018-10-09,-0.0014179577940874877
2018-10-10,-0.032864175757028824
2018-10-11,-0.020573073719881707
2018-10-12,0.014206284338267983
2018-10-15,-0.005905035180855278
2018-10-16,0.021495643069809
2018-10-17,-0.0002526762327753618
2018-10-18,-0.014391946490294405
2018-10-19,-0.00036116990154511086
2018-10-22,-0.0042994746692295305
2018-10-23,-0.00551185102399232
2018-10-24,-0.030864490329077787
2018-10-25,0.018625051767629408
2018-10-26,-0.01732721755489608
2018-10-29,-0.006559621467715271
2018-10-30,0.015666824420255576
2018-10-31,0.010851291456518197
2018-11-01,0.0105577968389301
2018-11-02,-0.006316665267828814
2018-11-05,0.005600317290107348
2018-11-06,0.006259335137365651
2018-11-07,0.02120887695294771
2018-11-08,-0.0025089822274502183
2018-11-09,-0.009198989607493102
2018-11-12,-0.019701475363267495
2018-11-13,-0.001481905348797996
2018-11-14,-0.007567464311691308
2018-11-15,0.010593800664796094
2018-11-16,0.0022232803457622463
2018-11-19,-0.016643094431470606
2018-11-20,-0.018151208036480848
2018-11-21,0.00304327583661701
2018-11-23,-0.006554890129173208
2018-11-26,0.015532409517731827
2018-11-27,0.003261703042884756
2018-11-28,0.02297393528374414
2018-11-29,-0.0021976900564546487
2018-11-30,0.00818552393197347
2018-12-03,0.010941355061463431
2018-12-04,-0.03236488351007216
2018-12-06,-0.0015221883958135285
2018-12-07,-0.02332016543333515
2018-12-10,0.001762194844060927
2018-12-11,-0.00035636837875119287
2018-12-12,0.005419488922094429
2018-12-13,-0.00019991927787654795
2018-12-14,-0.019086676677205427
2018-12-17,-0.020773476413007863
2018-12-18,8.641209140813899e-05
2018-12-19,-0.015395733182517968
2018-12-20,-0.015772090500047797
2018-12-21,-0.020588306814405377
2018-12-24,-0.02711224768478282
2018-12-26,0.049593807154098
2018-12-27,0.008562629168861635
2018-12-28,-0.0012415472330372657
2018-12-31,0.008492440882795549
2019-01-02,0.0012685242435728217
2019-01-03,-0.02475667621502542
2019-01-04,0.0343356931888279
2019-01-07,0.00701043468644591
2019-01-08,0.009695296290921585
2019-01-09,0.0040980263439003295
2019-01-10,0.004518445159692908
2019-01-11,-0.00014634296629478794
2019-01-14,-0.005257562801876614
2019-01-15,0.010721711756711327
2019-01-16,0.002221966823736654
2019-01-17,0.007591452926111408
2019-01-18,0.013183052853609212
2019-01-22,-0.014157284018107563
2019-01-23,0.0022028941471379238
2019-01-24,0.001375677416909804
2019-01-25,0.0084887201825663
2019-01-28,-0.0078468605052614
2019-01-29,-0.001456209694195909
2019-01-30,0.015549242424242493
2019-01-31,0.008597377892989533
2019-02-01,0.000898635405495396
2019-02-04,0.006776204217207926
2019-02-05,0.004708481505539597
2019-02-06,-0.0022208423128903254
2019-02-07,-0.009360745638119394
2019-02-08,0.0006762624489569102
2019-02-11,0.0007090417596054
2019-02-12,0.012890250202966858
2019-02-13,0.003023976857468691
2019-02-14,-0.0026516238471793185
2019-02-15,0.010878709851296353
2019-02-19,0.0014987750396311394
2019-02-20,0.0017771318387196366
2019-02-21,-0.003526412180845262
2019-02-22,0.006411088047050706
2019-02-25,0.0012317960947767492
2019-02-26,-0.0007903837831845228
2019-02-27,-0.0005440423780378456
2019-02-28,-0.0028255466662847617
2019-03-01,0.0068953381050032014
2019-03-04,-0.0038806002090102654
2019-03-05,-0.0011314768996100177
2019-03-06,-0.0065241159285216455
2019-03-07,-0.008125710368218741
2019-03-08,-0.0021317385309919112
2019-03-11,0.014666049353461608
2019-03-12,0.0029533287823806376
2019-03-13,0.006949618845646821
2019-03-14,-0.0008680432029370966
2019-03-15,0.004984902865607044
2019-03-18,0.0037059607153993035
2019-03-19,-0.0001306063665308388
2019-03-20,-0.0029443226469249018
2019-03-21,0.010852515552911779
2019-03-22,-0.018974527826038257
2019-03-25,-0.0008390729493592541
2019-03-26,0.007182778484540853
2019-03-27,-0.004644380264399728
2019-03-28,0.0035895443381801506
2019-03-29,0.006734293751598397
2019-04-01,0.01156858594411525
2019-04-02,1.7438676892522764e-05
2019-04-03,0.0021484075277968806
2019-04-04,0.0020846384074615365
2019-04-05,0.004636398681665099
2019-04-08,0.0010474498226595852
2019-04-09,-0.0060674708281390766
2019-04-10,0.0034778681120144483
2019-04-11,3.808587325715429e-05
2019-04-12,0.006609378462220095
2019-04-15,-0.0006294261903205811
2019-04-16,0.000509364739569973
2019-04-17,-0.002273774879087531
2019-04-18,0.0015790653174507785
2019-04-22,0.001012037741434657
2019-04-23,0.008841219132246891
